timestamp,session_id,user_id,persona,module,endpoint,method,status_code,response_time_ms
2026-08-07 20:31:32,S00001,U2824,Guest,Homepage,/homepage,GET,200,34
2026-08-07 20:31:37,S00001,U2824,Guest,Catalog,/products,GET,200,273
2026-08-07 20:31:41,S00001,U2824,Guest,Search,/search,GET,200,366
2026-08-07 20:31:45,S00001,U2824,Guest,Homepage,/exit,GET,200,26
2026-08-07 21:12:30,S00002,U4257,Premium,Authentication,/login,POST,200,187
2026-08-07 21:12:40,S00002,U4257,Premium,Catalog,/products,GET,200,101
2026-08-07 21:12:47,S00002,U4257,Premium,Search,/search,GET,200,366
2026-08-07 21:12:53,S00002,U4257,Premium,Catalog,/product,GET,404,175
2026-08-07 21:13:05,S00002,U4257,Premium,Cart,/cart,POST,200,202
2026-08-07 21:13:10,S00002,U4257,Premium,Checkout,/checkout,POST,200,717
2026-08-07 21:13:20,S00002,U4257,Premium,Payment,/payment,POST,200,1626
2026-08-07 20:49:46,S00003,U9785,Guest,Authentication,/login,POST,200,100
2026-08-07 20:49:59,S00003,U9785,Guest,Catalog,/products,GET,200,247
2026-08-07 20:50:03,S00003,U9785,Guest,Cart,/cart,POST,200,173
2026-08-07 20:50:14,S00003,U9785,Guest,Checkout,/checkout,POST,200,431
2026-08-07 20:50:19,S00003,U9785,Guest,Orders,/cancel-order,POST,200,544
2026-08-07 20:50:32,S00003,U9785,Guest,Authentication,/logout,GET,200,60
2026-08-07 21:26:34,S00004,U5374,Premium,Authentication,/login,POST,200,98
2026-08-07 21:26:41,S00004,U5374,Premium,Orders,/orders,GET,200,305
2026-08-07 21:26:55,S00004,U5374,Premium,Orders,/track-order,GET,500,169
2026-08-07 21:27:04,S00004,U5374,Premium,Authentication,/logout,GET,200,81
2026-08-07 20:52:52,S00005,U4752,Guest,Homepage,/homepage,GET,200,37
2026-08-07 20:53:04,S00005,U4752,Guest,Catalog,/products,GET,200,154
2026-08-07 20:53:18,S00005,U4752,Guest,Search,/search,GET,200,384
2026-08-07 20:53:24,S00005,U4752,Guest,Homepage,/exit,GET,200,27
2026-08-07 20:28:02,S00006,U8019,Premium,Authentication,/login,POST,200,115
2026-08-07 20:28:06,S00006,U8019,Premium,Catalog,/products,GET,200,293
2026-08-07 20:28:11,S00006,U8019,Premium,Search,/search,GET,200,228
2026-08-07 20:28:26,S00006,U8019,Premium,Catalog,/product,GET,200,272
2026-08-07 20:28:40,S00006,U8019,Premium,Cart,/cart,POST,503,455
2026-08-07 20:28:58,S00006,U8019,Premium,Checkout,/checkout,POST,500,607
2026-08-07 20:29:00,S00006,U8019,Premium,Payment,/payment,POST,200,1496
2026-08-07 20:19:41,S00007,U6573,Guest,Authentication,/login,POST,200,196
2026-08-07 20:19:51,S00007,U6573,Guest,Catalog,/products,GET,200,228
2026-08-07 20:20:09,S00007,U6573,Guest,Search,/search,GET,200,204
2026-08-07 20:20:20,S00007,U6573,Guest,Catalog,/product,GET,200,335
2026-08-07 20:20:28,S00007,U6573,Guest,Cart,/cart,POST,200,228
2026-08-07 20:20:35,S00007,U6573,Guest,Checkout,/checkout,POST,200,893
2026-08-07 20:20:47,S00007,U6573,Guest,Payment,/payment,POST,200,1300
2026-08-07 21:57:58,S00008,U6038,Guest,Authentication,/login,POST,200,100
2026-08-07 21:58:15,S00008,U6038,Guest,Catalog,/products,GET,500,117
2026-08-07 21:58:21,S00008,U6038,Guest,Search,/search,GET,200,215
2026-08-07 21:58:28,S00008,U6038,Guest,Catalog,/product,GET,200,187
2026-08-07 21:58:43,S00008,U6038,Guest,Cart,/cart,POST,200,258
2026-08-07 21:58:51,S00008,U6038,Guest,Checkout,/checkout,POST,200,669
2026-08-07 21:59:04,S00008,U6038,Guest,Payment,/payment,POST,200,1248
2026-08-07 20:44:15,S00009,U2982,Guest,Authentication,/login,POST,200,85
2026-08-07 20:44:24,S00009,U2982,Guest,Catalog,/products,GET,200,250
2026-08-07 20:44:28,S00009,U2982,Guest,Search,/search,GET,200,180
2026-08-07 20:44:31,S00009,U2982,Guest,Catalog,/product,GET,200,340
2026-08-07 20:44:49,S00009,U2982,Guest,Cart,/cart,POST,200,271
2026-08-07 20:45:06,S00009,U2982,Guest,Checkout,/checkout,POST,200,569
2026-08-07 20:45:23,S00009,U2982,Guest,Payment,/payment,POST,200,1048
2026-08-07 20:56:57,S00010,U4119,Guest,Authentication,/login,POST,200,170
2026-08-07 20:57:13,S00010,U4119,Guest,Catalog,/products,GET,200,286
2026-08-07 20:57:18,S00010,U4119,Guest,Search,/search,GET,200,181
2026-08-07 20:57:30,S00010,U4119,Guest,Catalog,/product,GET,200,324
2026-08-07 20:57:39,S00010,U4119,Guest,Cart,/cart,POST,200,248
2026-08-07 20:57:55,S00010,U4119,Guest,Checkout,/checkout,POST,200,493
2026-08-07 20:58:05,S00010,U4119,Guest,Payment,/payment,POST,200,1273
2026-08-07 21:27:08,S00011,U8260,Premium,Authentication,/login,POST,200,218
2026-08-07 21:27:12,S00011,U8260,Premium,Catalog,/products,GET,200,292
2026-08-07 21:27:19,S00011,U8260,Premium,Search,/search,GET,200,358
2026-08-07 21:27:27,S00011,U8260,Premium,Catalog,/product,GET,200,341
2026-08-07 21:27:30,S00011,U8260,Premium,Cart,/cart,POST,200,234
2026-08-07 21:27:44,S00011,U8260,Premium,Checkout,/checkout,POST,200,621
2026-08-07 21:28:00,S00011,U8260,Premium,Payment,/payment,POST,200,1092
2026-08-07 20:06:05,S00012,U3536,Guest,Authentication,/login,POST,200,218
2026-08-07 20:06:17,S00012,U3536,Guest,Catalog,/products,GET,200,114
2026-08-07 20:06:34,S00012,U3536,Guest,Search,/search,GET,200,407
2026-08-07 20:06:52,S00012,U3536,Guest,Catalog,/product,GET,200,160
2026-08-07 20:07:10,S00012,U3536,Guest,Cart,/cart,POST,200,191
2026-08-07 20:07:14,S00012,U3536,Guest,Checkout,/checkout,POST,200,419
2026-08-07 20:07:23,S00012,U3536,Guest,Payment,/payment,POST,200,1213
2026-08-07 21:27:51,S00013,U1651,Premium,Authentication,/login,POST,200,213
2026-08-07 21:28:01,S00013,U1651,Premium,Catalog,/products,GET,200,152
2026-08-07 21:28:13,S00013,U1651,Premium,Search,/search,GET,200,272
2026-08-07 21:28:19,S00013,U1651,Premium,Catalog,/product,GET,200,291
2026-08-07 21:28:35,S00013,U1651,Premium,Cart,/cart,POST,200,311
2026-08-07 21:28:39,S00013,U1651,Premium,Checkout,/checkout,POST,200,359
2026-08-07 21:28:44,S00013,U1651,Premium,Payment,/payment,POST,200,875
2026-08-07 20:07:29,S00014,U5345,Guest,Authentication,/login,POST,200,142
2026-08-07 20:07:36,S00014,U5345,Guest,Orders,/orders,GET,200,404
2026-08-07 20:07:47,S00014,U5345,Guest,Orders,/track-order,GET,200,235
2026-08-07 20:07:58,S00014,U5345,Guest,Authentication,/logout,GET,200,53
2026-08-07 21:39:27,S00015,U5333,Guest,Authentication,/login,POST,200,119
2026-08-07 21:39:35,S00015,U5333,Guest,Orders,/orders,GET,200,355
2026-08-07 21:39:45,S00015,U5333,Guest,Orders,/track-order,GET,200,229
2026-08-07 21:39:48,S00015,U5333,Guest,Authentication,/logout,GET,200,51
2026-08-07 20:15:57,S00016,U1722,Guest,Authentication,/login,POST,200,147
2026-08-07 20:16:13,S00016,U1722,Guest,Catalog,/products,GET,200,241
2026-08-07 20:16:15,S00016,U1722,Guest,Search,/search,GET,200,207
2026-08-07 20:16:21,S00016,U1722,Guest,Catalog,/product,GET,200,259
2026-08-07 20:16:34,S00016,U1722,Guest,Cart,/cart,POST,200,448
2026-08-07 20:16:49,S00016,U1722,Guest,Checkout,/checkout,POST,200,480
2026-08-07 20:17:02,S00016,U1722,Guest,Payment,/payment,POST,200,1720
2026-08-07 21:29:09,S00017,U6862,Guest,Authentication,/login,POST,200,106
2026-08-07 21:29:24,S00017,U6862,Guest,Catalog,/products,GET,200,258
2026-08-07 21:29:33,S00017,U6862,Guest,Search,/search,GET,500,233
2026-08-07 21:29:40,S00017,U6862,Guest,Catalog,/product,GET,200,345
2026-08-07 21:29:47,S00017,U6862,Guest,Cart,/cart,POST,200,320
2026-08-07 21:30:02,S00017,U6862,Guest,Checkout,/checkout,POST,200,604
2026-08-07 21:30:07,S00017,U6862,Guest,Payment,/payment,POST,200,1191
2026-08-07 21:00:56,S00018,U4644,Guest,Homepage,/homepage,GET,200,42
2026-08-07 21:01:05,S00018,U4644,Guest,Catalog,/products,GET,200,157
2026-08-07 21:01:13,S00018,U4644,Guest,Search,/search,GET,200,354
2026-08-07 21:01:17,S00018,U4644,Guest,Homepage,/exit,GET,200,50
2026-08-07 21:53:17,S00019,U9346,Buyer,Authentication,/login,POST,200,217
2026-08-07 21:53:19,S00019,U9346,Buyer,Catalog,/products,GET,200,129
2026-08-07 21:53:29,S00019,U9346,Buyer,Search,/search,GET,200,241
2026-08-07 21:53:39,S00019,U9346,Buyer,Catalog,/product,GET,200,129
2026-08-07 21:53:54,S00019,U9346,Buyer,Cart,/cart,POST,200,326
2026-08-07 21:54:06,S00019,U9346,Buyer,Checkout,/checkout,POST,200,796
2026-08-07 21:54:24,S00019,U9346,Buyer,Payment,/payment,POST,200,918
2026-08-07 19:58:19,S00020,U5173,Guest,Homepage,/homepage,GET,200,53
2026-08-07 19:58:27,S00020,U5173,Guest,Catalog,/products,GET,200,193
2026-08-07 19:58:39,S00020,U5173,Guest,Search,/search,GET,200,310
2026-08-07 19:58:44,S00020,U5173,Guest,Homepage,/exit,GET,200,43
2026-08-07 20:53:02,S00021,U6067,Premium,Authentication,/login,POST,200,155
2026-08-07 20:53:10,S00021,U6067,Premium,Catalog,/products,GET,200,207
2026-08-07 20:53:24,S00021,U6067,Premium,Search,/search,GET,200,239
2026-08-07 20:53:35,S00021,U6067,Premium,Catalog,/product,GET,200,223
2026-08-07 20:53:37,S00021,U6067,Premium,Cart,/cart,POST,200,305
2026-08-07 20:53:52,S00021,U6067,Premium,Checkout,/checkout,POST,200,679
2026-08-07 20:54:08,S00021,U6067,Premium,Payment,/payment,POST,200,1491
2026-08-07 21:08:28,S00022,U3780,Premium,Authentication,/login,POST,200,165
2026-08-07 21:08:37,S00022,U3780,Premium,Catalog,/products,GET,200,272
2026-08-07 21:08:45,S00022,U3780,Premium,Search,/search,GET,200,225
2026-08-07 21:08:54,S00022,U3780,Premium,Catalog,/product,GET,200,241
2026-08-07 21:08:58,S00022,U3780,Premium,Cart,/cart,POST,200,383
2026-08-07 21:09:06,S00022,U3780,Premium,Checkout,/checkout,POST,200,743
2026-08-07 21:09:15,S00022,U3780,Premium,Payment,/payment,POST,200,951
2026-08-07 21:47:53,S00023,U2746,Buyer,Authentication,/login,POST,200,212
2026-08-07 21:48:02,S00023,U2746,Buyer,Catalog,/products,GET,200,131
2026-08-07 21:48:18,S00023,U2746,Buyer,Search,/search,GET,500,421
2026-08-07 21:48:30,S00023,U2746,Buyer,Catalog,/product,GET,200,313
2026-08-07 21:48:48,S00023,U2746,Buyer,Cart,/cart,POST,200,368
2026-08-07 21:49:04,S00023,U2746,Buyer,Checkout,/checkout,POST,200,512
2026-08-07 21:49:21,S00023,U2746,Buyer,Payment,/payment,POST,200,1260
2026-08-07 20:30:45,S00024,U5543,Premium,Authentication,/login,POST,200,150
2026-08-07 20:30:56,S00024,U5543,Premium,Catalog,/products,GET,200,160
2026-08-07 20:31:08,S00024,U5543,Premium,Search,/search,GET,200,426
2026-08-07 20:31:14,S00024,U5543,Premium,Catalog,/product,GET,200,179
2026-08-07 20:31:20,S00024,U5543,Premium,Cart,/cart,POST,200,259
2026-08-07 20:31:35,S00024,U5543,Premium,Checkout,/checkout,POST,200,688
2026-08-07 20:31:50,S00024,U5543,Premium,Payment,/payment,POST,200,863
2026-08-07 20:00:46,S00025,U7381,Premium,Authentication,/login,POST,200,177
2026-08-07 20:00:59,S00025,U7381,Premium,Orders,/orders,GET,200,332
2026-08-07 20:01:14,S00025,U7381,Premium,Orders,/track-order,GET,200,237
2026-08-07 20:01:23,S00025,U7381,Premium,Authentication,/logout,GET,200,102
2026-08-07 21:29:25,S00026,U8956,Guest,Authentication,/login,POST,200,183
2026-08-07 21:29:41,S00026,U8956,Guest,Catalog,/products,GET,500,132
2026-08-07 21:29:43,S00026,U8956,Guest,Search,/search,GET,200,351
2026-08-07 21:29:45,S00026,U8956,Guest,Catalog,/product,GET,200,141
2026-08-07 21:29:51,S00026,U8956,Guest,Cart,/cart,POST,200,386
2026-08-07 21:30:01,S00026,U8956,Guest,Checkout,/checkout,POST,200,738
2026-08-07 21:30:17,S00026,U8956,Guest,Payment,/payment,POST,200,1134
2026-08-07 20:09:16,S00027,U5558,Buyer,Authentication,/login,POST,200,200
2026-08-07 20:09:19,S00027,U5558,Buyer,Catalog,/products,GET,200,189
2026-08-07 20:09:23,S00027,U5558,Buyer,Search,/search,GET,200,170
2026-08-07 20:09:32,S00027,U5558,Buyer,Catalog,/product,GET,200,171
2026-08-07 20:09:38,S00027,U5558,Buyer,Cart,/cart,POST,200,272
2026-08-07 20:09:43,S00027,U5558,Buyer,Checkout,/checkout,POST,200,573
2026-08-07 20:09:53,S00027,U5558,Buyer,Payment,/payment,POST,200,1585
2026-08-07 20:01:36,S00028,U3683,Buyer,Authentication,/login,POST,200,159
2026-08-07 20:01:50,S00028,U3683,Buyer,Catalog,/products,GET,200,201
2026-08-07 20:01:58,S00028,U3683,Buyer,Search,/search,GET,200,188
2026-08-07 20:02:07,S00028,U3683,Buyer,Catalog,/product,GET,200,146
2026-08-07 20:02:18,S00028,U3683,Buyer,Cart,/cart,POST,200,500
2026-08-07 20:02:23,S00028,U3683,Buyer,Checkout,/checkout,POST,200,392
2026-08-07 20:02:38,S00028,U3683,Buyer,Payment,/payment,POST,200,1477
2026-08-07 21:50:22,S00029,U6590,Guest,Homepage,/homepage,GET,200,51
2026-08-07 21:50:35,S00029,U6590,Guest,Catalog,/products,GET,200,262
2026-08-07 21:50:51,S00029,U6590,Guest,Search,/search,GET,200,228
2026-08-07 21:51:09,S00029,U6590,Guest,Homepage,/exit,GET,200,50
2026-08-07 21:18:59,S00030,U8616,Buyer,Homepage,/homepage,GET,200,37
2026-08-07 21:19:08,S00030,U8616,Buyer,Catalog,/products,GET,200,122
2026-08-07 21:19:24,S00030,U8616,Buyer,Search,/search,GET,200,274
2026-08-07 21:19:38,S00030,U8616,Buyer,Homepage,/exit,GET,200,30
2026-08-07 21:47:01,S00031,U3979,Buyer,Authentication,/login,POST,200,146
2026-08-07 21:47:11,S00031,U3979,Buyer,Catalog,/products,GET,200,242
2026-08-07 21:47:19,S00031,U3979,Buyer,Search,/search,GET,200,193
2026-08-07 21:47:34,S00031,U3979,Buyer,Catalog,/product,GET,200,245
2026-08-07 21:47:43,S00031,U3979,Buyer,Cart,/cart,POST,200,393
2026-08-07 21:48:00,S00031,U3979,Buyer,Checkout,/checkout,POST,200,808
2026-08-07 21:48:04,S00031,U3979,Buyer,Payment,/payment,POST,200,1101
2026-08-07 21:02:42,S00032,U6016,Premium,Authentication,/login,POST,200,215
2026-08-07 21:02:54,S00032,U6016,Premium,Catalog,/products,GET,200,190
2026-08-07 21:03:04,S00032,U6016,Premium,Search,/search,GET,200,306
2026-08-07 21:03:09,S00032,U6016,Premium,Catalog,/product,GET,200,304
2026-08-07 21:03:14,S00032,U6016,Premium,Cart,/cart,POST,404,424
2026-08-07 21:03:21,S00032,U6016,Premium,Checkout,/checkout,POST,200,546
2026-08-07 21:03:38,S00032,U6016,Premium,Payment,/payment,POST,200,1083
2026-08-07 20:38:32,S00033,U5636,Guest,Homepage,/homepage,GET,200,34
2026-08-07 20:38:43,S00033,U5636,Guest,Catalog,/products,GET,200,103
2026-08-07 20:38:49,S00033,U5636,Guest,Search,/search,GET,200,290
2026-08-07 20:38:52,S00033,U5636,Guest,Homepage,/exit,GET,200,37
2026-08-07 21:16:28,S00034,U9042,Guest,Authentication,/login,POST,200,152
2026-08-07 21:16:44,S00034,U9042,Guest,Orders,/orders,GET,200,354
2026-08-07 21:16:47,S00034,U9042,Guest,Orders,/track-order,GET,200,164
2026-08-07 21:17:04,S00034,U9042,Guest,Authentication,/logout,GET,200,54
2026-08-07 21:31:49,S00035,U9056,Guest,Authentication,/login,POST,200,93
2026-08-07 21:32:00,S00035,U9056,Guest,Catalog,/products,GET,503,121
2026-08-07 21:32:05,S00035,U9056,Guest,Search,/search,GET,200,435
2026-08-07 21:32:14,S00035,U9056,Guest,Catalog,/product,GET,200,318
2026-08-07 21:32:30,S00035,U9056,Guest,Cart,/cart,POST,200,376
2026-08-07 21:32:45,S00035,U9056,Guest,Checkout,/checkout,POST,200,662
2026-08-07 21:32:48,S00035,U9056,Guest,Payment,/payment,POST,404,1424
2026-08-07 21:28:16,S00036,U4404,Premium,Authentication,/login,POST,200,100
2026-08-07 21:28:23,S00036,U4404,Premium,Catalog,/products,GET,200,241
2026-08-07 21:28:25,S00036,U4404,Premium,Search,/search,GET,200,359
2026-08-07 21:28:42,S00036,U4404,Premium,Catalog,/product,GET,200,194
2026-08-07 21:28:53,S00036,U4404,Premium,Cart,/cart,POST,200,294
2026-08-07 21:29:09,S00036,U4404,Premium,Checkout,/checkout,POST,200,422
2026-08-07 21:29:19,S00036,U4404,Premium,Payment,/payment,POST,200,1606
2026-08-07 21:26:31,S00037,U7965,Guest,Authentication,/login,POST,200,118
2026-08-07 21:26:37,S00037,U7965,Guest,Catalog,/products,GET,200,118
2026-08-07 21:26:48,S00037,U7965,Guest,Search,/search,GET,200,441
2026-08-07 21:27:04,S00037,U7965,Guest,Catalog,/product,GET,200,151
2026-08-07 21:27:15,S00037,U7965,Guest,Cart,/cart,POST,200,356
2026-08-07 21:27:33,S00037,U7965,Guest,Checkout,/checkout,POST,200,855
2026-08-07 21:27:36,S00037,U7965,Guest,Payment,/payment,POST,200,1710
2026-08-07 21:30:09,S00038,U5102,Guest,Authentication,/login,POST,503,85
2026-08-07 21:30:19,S00038,U5102,Guest,Catalog,/products,GET,200,247
2026-08-07 21:30:26,S00038,U5102,Guest,Search,/search,GET,200,390
2026-08-07 21:30:42,S00038,U5102,Guest,Catalog,/product,GET,200,191
2026-08-07 21:30:57,S00038,U5102,Guest,Cart,/cart,POST,200,475
2026-08-07 21:31:01,S00038,U5102,Guest,Checkout,/checkout,POST,200,831
2026-08-07 21:31:13,S00038,U5102,Guest,Payment,/payment,POST,200,1128
2026-08-07 20:37:27,S00039,U6403,Buyer,Authentication,/login,POST,200,182
2026-08-07 20:37:30,S00039,U6403,Buyer,Catalog,/products,GET,200,216
2026-08-07 20:37:40,S00039,U6403,Buyer,Search,/search,GET,200,315
2026-08-07 20:37:54,S00039,U6403,Buyer,Catalog,/product,GET,200,341
2026-08-07 20:37:56,S00039,U6403,Buyer,Cart,/cart,POST,200,486
2026-08-07 20:38:12,S00039,U6403,Buyer,Checkout,/checkout,POST,200,773
2026-08-07 20:38:30,S00039,U6403,Buyer,Payment,/payment,POST,200,1170
2026-08-07 21:13:05,S00040,U8242,Guest,Authentication,/login,POST,200,113
2026-08-07 21:13:21,S00040,U8242,Guest,Catalog,/products,GET,200,278
2026-08-07 21:13:23,S00040,U8242,Guest,Search,/search,GET,200,272
2026-08-07 21:13:34,S00040,U8242,Guest,Catalog,/product,GET,200,261
2026-08-07 21:13:49,S00040,U8242,Guest,Cart,/cart,POST,200,197
2026-08-07 21:13:54,S00040,U8242,Guest,Checkout,/checkout,POST,200,822
2026-08-07 21:14:00,S00040,U8242,Guest,Payment,/payment,POST,200,1310
2026-08-07 21:52:04,S00041,U9337,Premium,Authentication,/login,POST,500,203
2026-08-07 21:52:13,S00041,U9337,Premium,Catalog,/products,GET,200,216
2026-08-07 21:52:27,S00041,U9337,Premium,Search,/search,GET,200,247
2026-08-07 21:52:45,S00041,U9337,Premium,Catalog,/product,GET,200,311
2026-08-07 21:52:49,S00041,U9337,Premium,Cart,/cart,POST,200,291
2026-08-07 21:53:04,S00041,U9337,Premium,Checkout,/checkout,POST,200,698
2026-08-07 21:53:22,S00041,U9337,Premium,Payment,/payment,POST,200,1073
2026-08-07 21:28:12,S00042,U5891,Premium,Authentication,/login,POST,200,205
2026-08-07 21:28:28,S00042,U5891,Premium,Catalog,/products,GET,200,237
2026-08-07 21:28:40,S00042,U5891,Premium,Search,/search,GET,200,432
2026-08-07 21:28:54,S00042,U5891,Premium,Catalog,/product,GET,200,236
2026-08-07 21:29:02,S00042,U5891,Premium,Cart,/cart,POST,200,272
2026-08-07 21:29:11,S00042,U5891,Premium,Checkout,/checkout,POST,200,770
2026-08-07 21:29:28,S00042,U5891,Premium,Payment,/payment,POST,200,1522
2026-08-07 21:27:07,S00043,U7325,Premium,Homepage,/homepage,GET,200,29
2026-08-07 21:27:10,S00043,U7325,Premium,Catalog,/products,GET,200,132
2026-08-07 21:27:22,S00043,U7325,Premium,Search,/search,GET,200,201
2026-08-07 21:27:38,S00043,U7325,Premium,Homepage,/exit,GET,200,23
2026-08-07 21:57:00,S00044,U1251,Premium,Authentication,/login,POST,200,119
2026-08-07 21:57:10,S00044,U1251,Premium,Catalog,/products,GET,200,186
2026-08-07 21:57:24,S00044,U1251,Premium,Search,/search,GET,200,191
2026-08-07 21:57:38,S00044,U1251,Premium,Catalog,/product,GET,200,201
2026-08-07 21:57:55,S00044,U1251,Premium,Cart,/cart,POST,200,427
2026-08-07 21:57:59,S00044,U1251,Premium,Checkout,/checkout,POST,200,590
2026-08-07 21:58:10,S00044,U1251,Premium,Payment,/payment,POST,200,1032
2026-08-07 20:11:49,S00045,U2612,Premium,Homepage,/homepage,GET,200,48
2026-08-07 20:12:00,S00045,U2612,Premium,Catalog,/products,GET,200,107
2026-08-07 20:12:03,S00045,U2612,Premium,Search,/search,GET,200,300
2026-08-07 20:12:18,S00045,U2612,Premium,Homepage,/exit,GET,200,24
2026-08-07 21:21:18,S00046,U3950,Guest,Authentication,/login,POST,200,177
2026-08-07 21:21:27,S00046,U3950,Guest,Catalog,/products,GET,200,227
2026-08-07 21:21:33,S00046,U3950,Guest,Search,/search,GET,200,268
2026-08-07 21:21:43,S00046,U3950,Guest,Catalog,/product,GET,200,237
2026-08-07 21:21:45,S00046,U3950,Guest,Cart,/cart,POST,200,388
2026-08-07 21:21:52,S00046,U3950,Guest,Checkout,/checkout,POST,200,425
2026-08-07 21:22:05,S00046,U3950,Guest,Payment,/payment,POST,200,1401
2026-08-07 20:25:17,S00047,U5097,Buyer,Homepage,/homepage,GET,200,44
2026-08-07 20:25:22,S00047,U5097,Buyer,Catalog,/products,GET,200,160
2026-08-07 20:25:35,S00047,U5097,Buyer,Search,/search,GET,200,444
2026-08-07 20:25:46,S00047,U5097,Buyer,Homepage,/exit,GET,500,20
2026-08-07 21:31:44,S00048,U5497,Guest,Authentication,/login,POST,200,92
2026-08-07 21:32:01,S00048,U5497,Guest,Catalog,/products,GET,200,173
2026-08-07 21:32:10,S00048,U5497,Guest,Search,/search,GET,200,330
2026-08-07 21:32:18,S00048,U5497,Guest,Catalog,/product,GET,200,278
2026-08-07 21:32:24,S00048,U5497,Guest,Cart,/cart,POST,200,471
2026-08-07 21:32:27,S00048,U5497,Guest,Checkout,/checkout,POST,200,666
2026-08-07 21:32:30,S00048,U5497,Guest,Payment,/payment,POST,200,1393
2026-08-07 20:54:49,S00049,U2476,Buyer,Authentication,/login,POST,200,124
2026-08-07 20:55:02,S00049,U2476,Buyer,Catalog,/products,GET,200,235
2026-08-07 20:55:12,S00049,U2476,Buyer,Search,/search,GET,200,234
2026-08-07 20:55:29,S00049,U2476,Buyer,Catalog,/product,GET,200,326
2026-08-07 20:55:41,S00049,U2476,Buyer,Cart,/cart,POST,200,208
2026-08-07 20:55:45,S00049,U2476,Buyer,Checkout,/checkout,POST,200,494
2026-08-07 20:55:54,S00049,U2476,Buyer,Payment,/payment,POST,200,1680
2026-08-07 20:00:00,S00050,U6992,Guest,Homepage,/homepage,GET,200,36
2026-08-07 20:00:16,S00050,U6992,Guest,Catalog,/products,GET,200,194
2026-08-07 20:00:26,S00050,U6992,Guest,Search,/search,GET,200,449
2026-08-07 20:00:39,S00050,U6992,Guest,Homepage,/exit,GET,200,23
2026-08-07 21:14:45,S00051,U1410,Premium,Authentication,/login,POST,200,163
2026-08-07 21:14:54,S00051,U1410,Premium,Orders,/orders,GET,200,212
2026-08-07 21:15:10,S00051,U1410,Premium,Orders,/track-order,GET,200,177
2026-08-07 21:15:15,S00051,U1410,Premium,Authentication,/logout,GET,200,57
2026-08-07 20:30:09,S00052,U5986,Buyer,Authentication,/login,POST,200,217
2026-08-07 20:30:25,S00052,U5986,Buyer,Catalog,/products,GET,200,194
2026-08-07 20:30:40,S00052,U5986,Buyer,Search,/search,GET,200,450
2026-08-07 20:30:46,S00052,U5986,Buyer,Catalog,/product,GET,200,346
2026-08-07 20:30:51,S00052,U5986,Buyer,Cart,/cart,POST,200,400
2026-08-07 20:31:01,S00052,U5986,Buyer,Checkout,/checkout,POST,200,383
2026-08-07 20:31:09,S00052,U5986,Buyer,Payment,/payment,POST,200,1254
2026-08-07 20:48:15,S00053,U6942,Guest,Authentication,/login,POST,200,219
2026-08-07 20:48:28,S00053,U6942,Guest,Catalog,/products,GET,200,115
2026-08-07 20:48:36,S00053,U6942,Guest,Cart,/cart,POST,200,212
2026-08-07 20:48:52,S00053,U6942,Guest,Checkout,/checkout,POST,200,443
2026-08-07 20:48:54,S00053,U6942,Guest,Orders,/cancel-order,POST,200,375
2026-08-07 20:49:03,S00053,U6942,Guest,Authentication,/logout,GET,200,56
2026-08-07 20:27:35,S00054,U2124,Premium,Authentication,/login,POST,200,139
2026-08-07 20:27:41,S00054,U2124,Premium,Catalog,/products,GET,200,252
2026-08-07 20:27:47,S00054,U2124,Premium,Search,/search,GET,200,216
2026-08-07 20:27:54,S00054,U2124,Premium,Catalog,/product,GET,200,148
2026-08-07 20:27:56,S00054,U2124,Premium,Cart,/cart,POST,200,217
2026-08-07 20:28:05,S00054,U2124,Premium,Checkout,/checkout,POST,200,681
2026-08-07 20:28:15,S00054,U2124,Premium,Payment,/payment,POST,200,853
2026-08-07 21:03:07,S00055,U9619,Guest,Homepage,/homepage,GET,200,48
2026-08-07 21:03:25,S00055,U9619,Guest,Catalog,/products,GET,200,251
2026-08-07 21:03:43,S00055,U9619,Guest,Search,/search,GET,200,263
2026-08-07 21:03:46,S00055,U9619,Guest,Homepage,/exit,GET,200,43
2026-08-07 20:02:21,S00056,U5941,Buyer,Authentication,/login,POST,503,95
2026-08-07 20:02:35,S00056,U5941,Buyer,Catalog,/products,GET,200,209
2026-08-07 20:02:52,S00056,U5941,Buyer,Search,/search,GET,200,377
2026-08-07 20:02:56,S00056,U5941,Buyer,Catalog,/product,GET,200,202
2026-08-07 20:03:00,S00056,U5941,Buyer,Cart,/cart,POST,200,214
2026-08-07 20:03:12,S00056,U5941,Buyer,Checkout,/checkout,POST,503,740
2026-08-07 20:03:30,S00056,U5941,Buyer,Payment,/payment,POST,200,1101
2026-08-07 21:27:29,S00057,U2624,Premium,Authentication,/login,POST,200,135
2026-08-07 21:27:38,S00057,U2624,Premium,Catalog,/products,GET,200,205
2026-08-07 21:27:54,S00057,U2624,Premium,Search,/search,GET,200,354
2026-08-07 21:27:59,S00057,U2624,Premium,Catalog,/product,GET,200,200
2026-08-07 21:28:09,S00057,U2624,Premium,Cart,/cart,POST,404,341
2026-08-07 21:28:26,S00057,U2624,Premium,Checkout,/checkout,POST,200,418
2026-08-07 21:28:30,S00057,U2624,Premium,Payment,/payment,POST,200,895
2026-08-07 21:14:46,S00058,U3131,Premium,Authentication,/login,POST,200,164
2026-08-07 21:15:01,S00058,U3131,Premium,Catalog,/products,GET,200,190
2026-08-07 21:15:16,S00058,U3131,Premium,Search,/search,GET,404,176
2026-08-07 21:15:27,S00058,U3131,Premium,Catalog,/product,GET,200,210
2026-08-07 21:15:45,S00058,U3131,Premium,Cart,/cart,POST,200,258
2026-08-07 21:16:02,S00058,U3131,Premium,Checkout,/checkout,POST,200,579
2026-08-07 21:16:15,S00058,U3131,Premium,Payment,/payment,POST,200,1665
2026-08-07 20:56:41,S00059,U5564,Premium,Authentication,/login,POST,200,86
2026-08-07 20:56:51,S00059,U5564,Premium,Catalog,/products,GET,200,107
2026-08-07 20:57:02,S00059,U5564,Premium,Search,/search,GET,200,323
2026-08-07 20:57:09,S00059,U5564,Premium,Catalog,/product,GET,200,342
2026-08-07 20:57:23,S00059,U5564,Premium,Cart,/cart,POST,200,185
2026-08-07 20:57:25,S00059,U5564,Premium,Checkout,/checkout,POST,200,443
2026-08-07 20:57:33,S00059,U5564,Premium,Payment,/payment,POST,200,1185
2026-08-07 20:42:23,S00060,U3578,Buyer,Authentication,/login,POST,200,101
2026-08-07 20:42:29,S00060,U3578,Buyer,Catalog,/products,GET,200,140
2026-08-07 20:42:32,S00060,U3578,Buyer,Search,/search,GET,200,191
2026-08-07 20:42:47,S00060,U3578,Buyer,Catalog,/product,GET,200,244
2026-08-07 20:43:02,S00060,U3578,Buyer,Cart,/cart,POST,200,289
2026-08-07 20:43:20,S00060,U3578,Buyer,Checkout,/checkout,POST,200,466
2026-08-07 20:43:25,S00060,U3578,Buyer,Payment,/payment,POST,200,1090
2026-08-07 20:28:12,S00061,U9633,Premium,Authentication,/login,POST,500,181
2026-08-07 20:28:15,S00061,U9633,Premium,Catalog,/products,GET,200,101
2026-08-07 20:28:23,S00061,U9633,Premium,Search,/search,GET,200,220
2026-08-07 20:28:34,S00061,U9633,Premium,Catalog,/product,GET,200,203
2026-08-07 20:28:51,S00061,U9633,Premium,Cart,/cart,POST,200,370
2026-08-07 20:29:05,S00061,U9633,Premium,Checkout,/checkout,POST,200,895
2026-08-07 20:29:23,S00061,U9633,Premium,Payment,/payment,POST,200,1372
2026-08-07 20:03:52,S00062,U2180,Buyer,Authentication,/login,POST,200,191
2026-08-07 20:03:56,S00062,U2180,Buyer,Orders,/orders,GET,200,340
2026-08-07 20:04:10,S00062,U2180,Buyer,Orders,/track-order,GET,200,206
2026-08-07 20:04:24,S00062,U2180,Buyer,Authentication,/logout,GET,404,42
2026-08-07 20:10:07,S00063,U8538,Premium,Authentication,/login,POST,200,191
2026-08-07 20:10:16,S00063,U8538,Premium,Orders,/orders,GET,200,403
2026-08-07 20:10:34,S00063,U8538,Premium,Orders,/track-order,GET,200,120
2026-08-07 20:10:45,S00063,U8538,Premium,Authentication,/logout,GET,200,83
2026-08-07 21:10:32,S00064,U2251,Premium,Authentication,/login,POST,200,210
2026-08-07 21:10:45,S00064,U2251,Premium,Catalog,/products,GET,200,189
2026-08-07 21:10:51,S00064,U2251,Premium,Search,/search,GET,200,270
2026-08-07 21:11:01,S00064,U2251,Premium,Catalog,/product,GET,200,170
2026-08-07 21:11:07,S00064,U2251,Premium,Cart,/cart,POST,200,485
2026-08-07 21:11:24,S00064,U2251,Premium,Checkout,/checkout,POST,200,825
2026-08-07 21:11:40,S00064,U2251,Premium,Payment,/payment,POST,200,1497
2026-08-07 21:02:07,S00065,U6179,Guest,Authentication,/login,POST,200,193
2026-08-07 21:02:17,S00065,U6179,Guest,Catalog,/products,GET,200,251
2026-08-07 21:02:35,S00065,U6179,Guest,Search,/search,GET,200,187
2026-08-07 21:02:51,S00065,U6179,Guest,Catalog,/product,GET,200,129
2026-08-07 21:03:02,S00065,U6179,Guest,Cart,/cart,POST,200,189
2026-08-07 21:03:06,S00065,U6179,Guest,Checkout,/checkout,POST,200,869
2026-08-07 21:03:09,S00065,U6179,Guest,Payment,/payment,POST,200,1260
2026-08-07 20:18:41,S00066,U6267,Premium,Authentication,/login,POST,200,95
2026-08-07 20:18:53,S00066,U6267,Premium,Catalog,/products,GET,200,282
2026-08-07 20:19:00,S00066,U6267,Premium,Search,/search,GET,200,170
2026-08-07 20:19:16,S00066,U6267,Premium,Catalog,/product,GET,200,232
2026-08-07 20:19:23,S00066,U6267,Premium,Cart,/cart,POST,200,336
2026-08-07 20:19:34,S00066,U6267,Premium,Checkout,/checkout,POST,200,746
2026-08-07 20:19:46,S00066,U6267,Premium,Payment,/payment,POST,200,1495
2026-08-07 21:30:43,S00067,U2079,Buyer,Authentication,/login,POST,200,178
2026-08-07 21:30:49,S00067,U2079,Buyer,Catalog,/products,GET,200,185
2026-08-07 21:30:55,S00067,U2079,Buyer,Search,/search,GET,200,329
2026-08-07 21:31:09,S00067,U2079,Buyer,Catalog,/product,GET,200,153
2026-08-07 21:31:13,S00067,U2079,Buyer,Cart,/cart,POST,200,308
2026-08-07 21:31:25,S00067,U2079,Buyer,Checkout,/checkout,POST,200,480
2026-08-07 21:31:43,S00067,U2079,Buyer,Payment,/payment,POST,200,895
2026-08-07 20:40:16,S00068,U9331,Buyer,Authentication,/login,POST,404,126
2026-08-07 20:40:28,S00068,U9331,Buyer,Catalog,/products,GET,200,296
2026-08-07 20:40:37,S00068,U9331,Buyer,Search,/search,GET,200,220
2026-08-07 20:40:48,S00068,U9331,Buyer,Catalog,/product,GET,200,336
2026-08-07 20:41:06,S00068,U9331,Buyer,Cart,/cart,POST,200,426
2026-08-07 20:41:24,S00068,U9331,Buyer,Checkout,/checkout,POST,200,388
2026-08-07 20:41:30,S00068,U9331,Buyer,Payment,/payment,POST,200,1411
2026-08-07 21:48:33,S00069,U3962,Premium,Homepage,/homepage,GET,200,77
2026-08-07 21:48:49,S00069,U3962,Premium,Catalog,/products,GET,200,111
2026-08-07 21:48:58,S00069,U3962,Premium,Search,/search,GET,200,377
2026-08-07 21:49:14,S00069,U3962,Premium,Homepage,/exit,GET,200,27
2026-08-07 21:15:58,S00070,U8684,Guest,Authentication,/login,POST,200,192
2026-08-07 21:16:09,S00070,U8684,Guest,Catalog,/products,GET,200,299
2026-08-07 21:16:27,S00070,U8684,Guest,Search,/search,GET,404,364
2026-08-07 21:16:35,S00070,U8684,Guest,Catalog,/product,GET,200,325
2026-08-07 21:16:45,S00070,U8684,Guest,Cart,/cart,POST,200,176
2026-08-07 21:16:58,S00070,U8684,Guest,Checkout,/checkout,POST,200,455
2026-08-07 21:17:16,S00070,U8684,Guest,Payment,/payment,POST,200,1671
2026-08-07 21:08:11,S00071,U3626,Buyer,Authentication,/login,POST,200,117
2026-08-07 21:08:15,S00071,U3626,Buyer,Catalog,/products,GET,200,156
2026-08-07 21:08:28,S00071,U3626,Buyer,Search,/search,GET,200,163
2026-08-07 21:08:42,S00071,U3626,Buyer,Catalog,/product,GET,200,248
2026-08-07 21:08:56,S00071,U3626,Buyer,Cart,/cart,POST,200,191
2026-08-07 21:08:58,S00071,U3626,Buyer,Checkout,/checkout,POST,200,676
2026-08-07 21:09:10,S00071,U3626,Buyer,Payment,/payment,POST,200,1610
2026-08-07 20:17:02,S00072,U5700,Buyer,Authentication,/login,POST,200,200
2026-08-07 20:17:04,S00072,U5700,Buyer,Catalog,/products,GET,200,120
2026-08-07 20:17:12,S00072,U5700,Buyer,Search,/search,GET,200,226
2026-08-07 20:17:30,S00072,U5700,Buyer,Catalog,/product,GET,200,228
2026-08-07 20:17:41,S00072,U5700,Buyer,Cart,/cart,POST,200,271
2026-08-07 20:17:44,S00072,U5700,Buyer,Checkout,/checkout,POST,200,594
2026-08-07 20:18:00,S00072,U5700,Buyer,Payment,/payment,POST,200,864
2026-08-07 21:16:36,S00073,U9782,Guest,Authentication,/login,POST,200,141
2026-08-07 21:16:47,S00073,U9782,Guest,Catalog,/products,GET,200,209
2026-08-07 21:17:00,S00073,U9782,Guest,Search,/search,GET,200,273
2026-08-07 21:17:07,S00073,U9782,Guest,Catalog,/product,GET,200,290
2026-08-07 21:17:25,S00073,U9782,Guest,Cart,/cart,POST,200,334
2026-08-07 21:17:43,S00073,U9782,Guest,Checkout,/checkout,POST,200,869
2026-08-07 21:18:01,S00073,U9782,Guest,Payment,/payment,POST,200,1367
2026-08-07 20:49:04,S00074,U1713,Premium,Authentication,/login,POST,200,144
2026-08-07 20:49:17,S00074,U1713,Premium,Catalog,/products,GET,200,117
2026-08-07 20:49:22,S00074,U1713,Premium,Search,/search,GET,200,447
2026-08-07 20:49:34,S00074,U1713,Premium,Catalog,/product,GET,200,154
2026-08-07 20:49:46,S00074,U1713,Premium,Cart,/cart,POST,200,479
2026-08-07 20:50:02,S00074,U1713,Premium,Checkout,/checkout,POST,200,840
2026-08-07 20:50:08,S00074,U1713,Premium,Payment,/payment,POST,200,864
2026-08-07 21:46:06,S00075,U1605,Buyer,Authentication,/login,POST,200,131
2026-08-07 21:46:18,S00075,U1605,Buyer,Catalog,/products,GET,200,179
2026-08-07 21:46:35,S00075,U1605,Buyer,Search,/search,GET,200,279
2026-08-07 21:46:43,S00075,U1605,Buyer,Catalog,/product,GET,200,193
2026-08-07 21:46:46,S00075,U1605,Buyer,Cart,/cart,POST,200,485
2026-08-07 21:46:51,S00075,U1605,Buyer,Checkout,/checkout,POST,200,726
2026-08-07 21:47:05,S00075,U1605,Buyer,Payment,/payment,POST,200,1561
2026-08-07 21:06:01,S00076,U6554,Guest,Authentication,/login,POST,200,174
2026-08-07 21:06:19,S00076,U6554,Guest,Catalog,/products,GET,200,168
2026-08-07 21:06:34,S00076,U6554,Guest,Search,/search,GET,200,190
2026-08-07 21:06:41,S00076,U6554,Guest,Catalog,/product,GET,200,259
2026-08-07 21:06:46,S00076,U6554,Guest,Cart,/cart,POST,200,190
2026-08-07 21:06:57,S00076,U6554,Guest,Checkout,/checkout,POST,200,663
2026-08-07 21:07:12,S00076,U6554,Guest,Payment,/payment,POST,200,970
2026-08-07 20:46:14,S00077,U8325,Guest,Homepage,/homepage,GET,503,59
2026-08-07 20:46:24,S00077,U8325,Guest,Catalog,/products,GET,500,263
2026-08-07 20:46:27,S00077,U8325,Guest,Search,/search,GET,200,188
2026-08-07 20:46:41,S00077,U8325,Guest,Homepage,/exit,GET,200,31
2026-08-07 21:30:40,S00078,U1510,Guest,Homepage,/homepage,GET,200,70
2026-08-07 21:30:46,S00078,U1510,Guest,Catalog,/products,GET,200,117
2026-08-07 21:30:59,S00078,U1510,Guest,Search,/search,GET,200,335
2026-08-07 21:31:02,S00078,U1510,Guest,Homepage,/exit,GET,200,39
2026-08-07 20:08:35,S00079,U7077,Buyer,Authentication,/login,POST,200,115
2026-08-07 20:08:49,S00079,U7077,Buyer,Catalog,/products,GET,200,180
2026-08-07 20:08:58,S00079,U7077,Buyer,Search,/search,GET,200,208
2026-08-07 20:09:05,S00079,U7077,Buyer,Catalog,/product,GET,200,247
2026-08-07 20:09:10,S00079,U7077,Buyer,Cart,/cart,POST,200,284
2026-08-07 20:09:26,S00079,U7077,Buyer,Checkout,/checkout,POST,503,569
2026-08-07 20:09:37,S00079,U7077,Buyer,Payment,/payment,POST,200,1510
2026-08-07 20:08:12,S00080,U4279,Guest,Authentication,/login,POST,200,195
2026-08-07 20:08:28,S00080,U4279,Guest,Catalog,/products,GET,200,122
2026-08-07 20:08:40,S00080,U4279,Guest,Search,/search,GET,200,327
2026-08-07 20:08:51,S00080,U4279,Guest,Catalog,/product,GET,200,348
2026-08-07 20:08:58,S00080,U4279,Guest,Cart,/cart,POST,200,476
2026-08-07 20:09:11,S00080,U4279,Guest,Checkout,/checkout,POST,200,870
2026-08-07 20:09:19,S00080,U4279,Guest,Payment,/payment,POST,200,1611
2026-08-07 20:48:28,S00081,U1430,Buyer,Authentication,/login,POST,200,199
2026-08-07 20:48:34,S00081,U1430,Buyer,Catalog,/products,GET,200,256
2026-08-07 20:48:38,S00081,U1430,Buyer,Search,/search,GET,200,308
2026-08-07 20:48:55,S00081,U1430,Buyer,Catalog,/product,GET,200,254
2026-08-07 20:49:10,S00081,U1430,Buyer,Cart,/cart,POST,200,444
2026-08-07 20:49:22,S00081,U1430,Buyer,Checkout,/checkout,POST,200,425
2026-08-07 20:49:40,S00081,U1430,Buyer,Payment,/payment,POST,200,1152
2026-08-07 21:56:38,S00082,U3114,Buyer,Authentication,/login,POST,200,94
2026-08-07 21:56:56,S00082,U3114,Buyer,Catalog,/products,GET,200,139
2026-08-07 21:57:03,S00082,U3114,Buyer,Search,/search,GET,200,315
2026-08-07 21:57:12,S00082,U3114,Buyer,Catalog,/product,GET,200,208
2026-08-07 21:57:30,S00082,U3114,Buyer,Cart,/cart,POST,200,295
2026-08-07 21:57:40,S00082,U3114,Buyer,Checkout,/checkout,POST,200,551
2026-08-07 21:57:50,S00082,U3114,Buyer,Payment,/payment,POST,200,928
2026-08-07 21:17:22,S00083,U9234,Premium,Authentication,/login,POST,200,119
2026-08-07 21:17:34,S00083,U9234,Premium,Catalog,/products,GET,200,244
2026-08-07 21:17:36,S00083,U9234,Premium,Search,/search,GET,200,191
2026-08-07 21:17:46,S00083,U9234,Premium,Catalog,/product,GET,200,286
2026-08-07 21:18:01,S00083,U9234,Premium,Cart,/cart,POST,200,466
2026-08-07 21:18:18,S00083,U9234,Premium,Checkout,/checkout,POST,200,646
2026-08-07 21:18:29,S00083,U9234,Premium,Payment,/payment,POST,200,1294
2026-08-07 20:06:16,S00084,U5873,Buyer,Authentication,/login,POST,200,120
2026-08-07 20:06:33,S00084,U5873,Buyer,Catalog,/products,GET,200,218
2026-08-07 20:06:39,S00084,U5873,Buyer,Search,/search,GET,200,310
2026-08-07 20:06:51,S00084,U5873,Buyer,Catalog,/product,GET,500,307
2026-08-07 20:07:04,S00084,U5873,Buyer,Cart,/cart,POST,200,354
2026-08-07 20:07:17,S00084,U5873,Buyer,Checkout,/checkout,POST,200,877
2026-08-07 20:07:29,S00084,U5873,Buyer,Payment,/payment,POST,200,1047
2026-08-07 20:05:00,S00085,U8366,Guest,Authentication,/login,POST,200,154
2026-08-07 20:05:15,S00085,U8366,Guest,Catalog,/products,GET,404,163
2026-08-07 20:05:22,S00085,U8366,Guest,Search,/search,GET,200,317
2026-08-07 20:05:34,S00085,U8366,Guest,Catalog,/product,GET,200,168
2026-08-07 20:05:51,S00085,U8366,Guest,Cart,/cart,POST,200,413
2026-08-07 20:06:02,S00085,U8366,Guest,Checkout,/checkout,POST,200,859
2026-08-07 20:06:16,S00085,U8366,Guest,Payment,/payment,POST,200,1317
2026-08-07 20:05:00,S00086,U4524,Premium,Authentication,/login,POST,200,152
2026-08-07 20:05:17,S00086,U4524,Premium,Catalog,/products,GET,200,173
2026-08-07 20:05:22,S00086,U4524,Premium,Search,/search,GET,200,370
2026-08-07 20:05:32,S00086,U4524,Premium,Catalog,/product,GET,200,306
2026-08-07 20:05:46,S00086,U4524,Premium,Cart,/cart,POST,200,337
2026-08-07 20:05:49,S00086,U4524,Premium,Checkout,/checkout,POST,200,549
2026-08-07 20:06:00,S00086,U4524,Premium,Payment,/payment,POST,200,875
2026-08-07 20:14:19,S00087,U5582,Premium,Authentication,/login,POST,500,112
2026-08-07 20:14:33,S00087,U5582,Premium,Catalog,/products,GET,200,195
2026-08-07 20:14:45,S00087,U5582,Premium,Search,/search,GET,200,435
2026-08-07 20:14:51,S00087,U5582,Premium,Catalog,/product,GET,200,170
2026-08-07 20:15:05,S00087,U5582,Premium,Cart,/cart,POST,200,406
2026-08-07 20:15:08,S00087,U5582,Premium,Checkout,/checkout,POST,200,490
2026-08-07 20:15:25,S00087,U5582,Premium,Payment,/payment,POST,200,1331
2026-08-07 20:41:35,S00088,U3290,Buyer,Authentication,/login,POST,200,121
2026-08-07 20:41:46,S00088,U3290,Buyer,Orders,/orders,GET,200,352
2026-08-07 20:42:04,S00088,U3290,Buyer,Orders,/track-order,GET,200,236
2026-08-07 20:42:15,S00088,U3290,Buyer,Authentication,/logout,GET,200,100
2026-08-07 20:54:58,S00089,U6427,Premium,Authentication,/login,POST,200,158
2026-08-07 20:55:00,S00089,U6427,Premium,Catalog,/products,GET,200,252
2026-08-07 20:55:09,S00089,U6427,Premium,Search,/search,GET,200,176
2026-08-07 20:55:16,S00089,U6427,Premium,Catalog,/product,GET,200,254
2026-08-07 20:55:30,S00089,U6427,Premium,Cart,/cart,POST,200,225
2026-08-07 20:55:39,S00089,U6427,Premium,Checkout,/checkout,POST,200,382
2026-08-07 20:55:44,S00089,U6427,Premium,Payment,/payment,POST,200,995
2026-08-07 20:25:56,S00090,U7861,Guest,Authentication,/login,POST,200,185
2026-08-07 20:26:13,S00090,U7861,Guest,Catalog,/products,GET,200,288
2026-08-07 20:26:19,S00090,U7861,Guest,Search,/search,GET,200,415
2026-08-07 20:26:31,S00090,U7861,Guest,Catalog,/product,GET,200,289
2026-08-07 20:26:45,S00090,U7861,Guest,Cart,/cart,POST,404,310
2026-08-07 20:27:01,S00090,U7861,Guest,Checkout,/checkout,POST,200,895
2026-08-07 20:27:14,S00090,U7861,Guest,Payment,/payment,POST,200,1492
2026-08-07 20:36:11,S00091,U8932,Guest,Authentication,/login,POST,200,156
2026-08-07 20:36:22,S00091,U8932,Guest,Catalog,/products,GET,200,297
2026-08-07 20:36:30,S00091,U8932,Guest,Cart,/cart,POST,200,400
2026-08-07 20:36:43,S00091,U8932,Guest,Checkout,/checkout,POST,200,630
2026-08-07 20:36:57,S00091,U8932,Guest,Orders,/cancel-order,POST,200,552
2026-08-07 20:37:03,S00091,U8932,Guest,Authentication,/logout,GET,200,77
2026-08-07 21:40:08,S00092,U6674,Buyer,Authentication,/login,POST,200,202
2026-08-07 21:40:18,S00092,U6674,Buyer,Catalog,/products,GET,200,243
2026-08-07 21:40:24,S00092,U6674,Buyer,Search,/search,GET,200,205
2026-08-07 21:40:33,S00092,U6674,Buyer,Catalog,/product,GET,200,182
2026-08-07 21:40:51,S00092,U6674,Buyer,Cart,/cart,POST,200,265
2026-08-07 21:40:54,S00092,U6674,Buyer,Checkout,/checkout,POST,200,452
2026-08-07 21:41:11,S00092,U6674,Buyer,Payment,/payment,POST,200,902
2026-08-07 20:19:39,S00093,U1084,Premium,Authentication,/login,POST,200,184
2026-08-07 20:19:56,S00093,U1084,Premium,Catalog,/products,GET,200,222
2026-08-07 20:20:07,S00093,U1084,Premium,Cart,/cart,POST,200,314
2026-08-07 20:20:10,S00093,U1084,Premium,Checkout,/checkout,POST,200,441
2026-08-07 20:20:19,S00093,U1084,Premium,Orders,/cancel-order,POST,200,623
2026-08-07 20:20:22,S00093,U1084,Premium,Authentication,/logout,GET,200,62
2026-08-07 20:23:32,S00094,U1595,Buyer,Homepage,/homepage,GET,200,79
2026-08-07 20:23:43,S00094,U1595,Buyer,Catalog,/products,GET,200,109
2026-08-07 20:23:48,S00094,U1595,Buyer,Search,/search,GET,200,321
2026-08-07 20:24:06,S00094,U1595,Buyer,Homepage,/exit,GET,200,35
2026-08-07 21:48:31,S00095,U9261,Buyer,Authentication,/login,POST,200,108
2026-08-07 21:48:47,S00095,U9261,Buyer,Catalog,/products,GET,200,265
2026-08-07 21:48:54,S00095,U9261,Buyer,Search,/search,GET,200,157
2026-08-07 21:49:05,S00095,U9261,Buyer,Catalog,/product,GET,200,265
2026-08-07 21:49:13,S00095,U9261,Buyer,Cart,/cart,POST,200,239
2026-08-07 21:49:27,S00095,U9261,Buyer,Checkout,/checkout,POST,200,787
2026-08-07 21:49:31,S00095,U9261,Buyer,Payment,/payment,POST,200,1210
2026-08-07 20:31:58,S00096,U3303,Buyer,Authentication,/login,POST,200,81
2026-08-07 20:32:07,S00096,U3303,Buyer,Catalog,/products,GET,200,214
2026-08-07 20:32:19,S00096,U3303,Buyer,Search,/search,GET,200,304
2026-08-07 20:32:21,S00096,U3303,Buyer,Catalog,/product,GET,200,186
2026-08-07 20:32:30,S00096,U3303,Buyer,Cart,/cart,POST,200,181
2026-08-07 20:32:46,S00096,U3303,Buyer,Checkout,/checkout,POST,200,664
2026-08-07 20:33:04,S00096,U3303,Buyer,Payment,/payment,POST,200,1745
2026-08-07 20:38:22,S00097,U2923,Premium,Authentication,/login,POST,200,174
2026-08-07 20:38:31,S00097,U2923,Premium,Orders,/orders,GET,200,248
2026-08-07 20:38:47,S00097,U2923,Premium,Orders,/track-order,GET,200,195
2026-08-07 20:39:04,S00097,U2923,Premium,Authentication,/logout,GET,200,108
2026-08-07 21:57:18,S00098,U5054,Premium,Homepage,/homepage,GET,200,70
2026-08-07 21:57:34,S00098,U5054,Premium,Catalog,/products,GET,200,235
2026-08-07 21:57:38,S00098,U5054,Premium,Search,/search,GET,200,438
2026-08-07 21:57:56,S00098,U5054,Premium,Homepage,/exit,GET,200,26
2026-08-07 20:58:25,S00099,U3695,Buyer,Authentication,/login,POST,200,109
2026-08-07 20:58:42,S00099,U3695,Buyer,Orders,/orders,GET,200,226
2026-08-07 20:58:58,S00099,U3695,Buyer,Orders,/track-order,GET,200,114
2026-08-07 20:59:16,S00099,U3695,Buyer,Authentication,/logout,GET,200,93
2026-08-07 21:36:51,S00100,U8575,Premium,Homepage,/homepage,GET,200,21
2026-08-07 21:36:53,S00100,U8575,Premium,Catalog,/products,GET,200,290
2026-08-07 21:36:57,S00100,U8575,Premium,Search,/search,GET,200,173
2026-08-07 21:37:01,S00100,U8575,Premium,Homepage,/exit,GET,503,37
2026-08-07 20:22:40,S00101,U8734,Guest,Authentication,/login,POST,200,114
2026-08-07 20:22:55,S00101,U8734,Guest,Catalog,/products,GET,503,195
2026-08-07 20:23:09,S00101,U8734,Guest,Search,/search,GET,200,379
2026-08-07 20:23:23,S00101,U8734,Guest,Catalog,/product,GET,200,216
2026-08-07 20:23:29,S00101,U8734,Guest,Cart,/cart,POST,200,484
2026-08-07 20:23:34,S00101,U8734,Guest,Checkout,/checkout,POST,503,532
2026-08-07 20:23:48,S00101,U8734,Guest,Payment,/payment,POST,200,1341
2026-08-07 21:01:18,S00102,U1056,Guest,Authentication,/login,POST,200,219
2026-08-07 21:01:32,S00102,U1056,Guest,Catalog,/products,GET,200,158
2026-08-07 21:01:45,S00102,U1056,Guest,Cart,/cart,POST,200,229
2026-08-07 21:01:50,S00102,U1056,Guest,Checkout,/checkout,POST,200,382
2026-08-07 21:02:05,S00102,U1056,Guest,Orders,/cancel-order,POST,200,664
2026-08-07 21:02:07,S00102,U1056,Guest,Authentication,/logout,GET,200,70
2026-08-07 21:34:07,S00103,U1550,Buyer,Authentication,/login,POST,200,92
2026-08-07 21:34:10,S00103,U1550,Buyer,Catalog,/products,GET,200,202
2026-08-07 21:34:18,S00103,U1550,Buyer,Search,/search,GET,200,178
2026-08-07 21:34:29,S00103,U1550,Buyer,Catalog,/product,GET,200,179
2026-08-07 21:34:41,S00103,U1550,Buyer,Cart,/cart,POST,200,445
2026-08-07 21:34:53,S00103,U1550,Buyer,Checkout,/checkout,POST,200,592
2026-08-07 21:34:59,S00103,U1550,Buyer,Payment,/payment,POST,200,1476
2026-08-07 21:18:52,S00104,U5923,Buyer,Authentication,/login,POST,200,124
2026-08-07 21:19:07,S00104,U5923,Buyer,Catalog,/products,GET,200,242
2026-08-07 21:19:20,S00104,U5923,Buyer,Search,/search,GET,200,345
2026-08-07 21:19:32,S00104,U5923,Buyer,Catalog,/product,GET,200,298
2026-08-07 21:19:38,S00104,U5923,Buyer,Cart,/cart,POST,200,303
2026-08-07 21:19:55,S00104,U5923,Buyer,Checkout,/checkout,POST,200,596
2026-08-07 21:20:06,S00104,U5923,Buyer,Payment,/payment,POST,200,1678
2026-08-07 20:54:58,S00105,U1944,Premium,Authentication,/login,POST,200,215
2026-08-07 20:55:07,S00105,U1944,Premium,Catalog,/products,GET,200,165
2026-08-07 20:55:11,S00105,U1944,Premium,Search,/search,GET,200,380
2026-08-07 20:55:15,S00105,U1944,Premium,Catalog,/product,GET,200,257
2026-08-07 20:55:23,S00105,U1944,Premium,Cart,/cart,POST,200,176
2026-08-07 20:55:26,S00105,U1944,Premium,Checkout,/checkout,POST,200,424
2026-08-07 20:55:34,S00105,U1944,Premium,Payment,/payment,POST,200,1290
2026-08-07 20:24:02,S00106,U5967,Guest,Authentication,/login,POST,200,110
2026-08-07 20:24:19,S00106,U5967,Guest,Catalog,/products,GET,200,162
2026-08-07 20:24:27,S00106,U5967,Guest,Search,/search,GET,200,353
2026-08-07 20:24:39,S00106,U5967,Guest,Catalog,/product,GET,200,318
2026-08-07 20:24:55,S00106,U5967,Guest,Cart,/cart,POST,200,423
2026-08-07 20:25:06,S00106,U5967,Guest,Checkout,/checkout,POST,200,617
2026-08-07 20:25:23,S00106,U5967,Guest,Payment,/payment,POST,200,1277
2026-08-07 20:54:36,S00107,U6246,Guest,Authentication,/login,POST,200,91
2026-08-07 20:54:45,S00107,U6246,Guest,Catalog,/products,GET,200,289
2026-08-07 20:54:55,S00107,U6246,Guest,Search,/search,GET,200,433
2026-08-07 20:55:10,S00107,U6246,Guest,Catalog,/product,GET,200,195
2026-08-07 20:55:22,S00107,U6246,Guest,Cart,/cart,POST,200,267
2026-08-07 20:55:31,S00107,U6246,Guest,Checkout,/checkout,POST,200,861
2026-08-07 20:55:43,S00107,U6246,Guest,Payment,/payment,POST,200,1063
2026-08-07 21:46:38,S00108,U9037,Buyer,Authentication,/login,POST,200,170
2026-08-07 21:46:55,S00108,U9037,Buyer,Catalog,/products,GET,200,147
2026-08-07 21:46:58,S00108,U9037,Buyer,Search,/search,GET,200,418
2026-08-07 21:47:02,S00108,U9037,Buyer,Catalog,/product,GET,200,329
2026-08-07 21:47:04,S00108,U9037,Buyer,Cart,/cart,POST,200,361
2026-08-07 21:47:13,S00108,U9037,Buyer,Checkout,/checkout,POST,200,419
2026-08-07 21:47:15,S00108,U9037,Buyer,Payment,/payment,POST,200,1023
2026-08-07 21:22:16,S00109,U1990,Premium,Authentication,/login,POST,200,203
2026-08-07 21:22:18,S00109,U1990,Premium,Catalog,/products,GET,200,101
2026-08-07 21:22:33,S00109,U1990,Premium,Search,/search,GET,200,156
2026-08-07 21:22:43,S00109,U1990,Premium,Catalog,/product,GET,500,257
2026-08-07 21:22:45,S00109,U1990,Premium,Cart,/cart,POST,200,407
2026-08-07 21:23:00,S00109,U1990,Premium,Checkout,/checkout,POST,200,533
2026-08-07 21:23:05,S00109,U1990,Premium,Payment,/payment,POST,200,1336
2026-08-07 20:34:35,S00110,U9625,Buyer,Homepage,/homepage,GET,200,70
2026-08-07 20:34:48,S00110,U9625,Buyer,Catalog,/products,GET,200,203
2026-08-07 20:34:57,S00110,U9625,Buyer,Search,/search,GET,200,265
2026-08-07 20:35:01,S00110,U9625,Buyer,Homepage,/exit,GET,503,40
2026-08-07 21:13:33,S00111,U2531,Buyer,Authentication,/login,POST,200,201
2026-08-07 21:13:35,S00111,U2531,Buyer,Catalog,/products,GET,200,279
2026-08-07 21:13:52,S00111,U2531,Buyer,Search,/search,GET,200,372
2026-08-07 21:14:04,S00111,U2531,Buyer,Catalog,/product,GET,500,264
2026-08-07 21:14:09,S00111,U2531,Buyer,Cart,/cart,POST,200,420
2026-08-07 21:14:18,S00111,U2531,Buyer,Checkout,/checkout,POST,200,566
2026-08-07 21:14:35,S00111,U2531,Buyer,Payment,/payment,POST,200,1077
2026-08-07 20:02:35,S00112,U5593,Premium,Authentication,/login,POST,200,125
2026-08-07 20:02:47,S00112,U5593,Premium,Catalog,/products,GET,404,104
2026-08-07 20:02:53,S00112,U5593,Premium,Search,/search,GET,200,353
2026-08-07 20:03:04,S00112,U5593,Premium,Catalog,/product,GET,200,161
2026-08-07 20:03:18,S00112,U5593,Premium,Cart,/cart,POST,200,496
2026-08-07 20:03:30,S00112,U5593,Premium,Checkout,/checkout,POST,200,743
2026-08-07 20:03:36,S00112,U5593,Premium,Payment,/payment,POST,500,1609
2026-08-07 20:05:25,S00113,U9204,Premium,Authentication,/login,POST,200,105
2026-08-07 20:05:29,S00113,U9204,Premium,Catalog,/products,GET,200,187
2026-08-07 20:05:43,S00113,U9204,Premium,Cart,/cart,POST,200,317
2026-08-07 20:05:53,S00113,U9204,Premium,Checkout,/checkout,POST,200,811
2026-08-07 20:06:06,S00113,U9204,Premium,Orders,/cancel-order,POST,200,633
2026-08-07 20:06:21,S00113,U9204,Premium,Authentication,/logout,GET,200,63
2026-08-07 20:31:44,S00114,U2404,Premium,Authentication,/login,POST,200,98
2026-08-07 20:31:50,S00114,U2404,Premium,Catalog,/products,GET,200,197
2026-08-07 20:31:56,S00114,U2404,Premium,Search,/search,GET,200,349
2026-08-07 20:32:01,S00114,U2404,Premium,Catalog,/product,GET,200,143
2026-08-07 20:32:12,S00114,U2404,Premium,Cart,/cart,POST,200,377
2026-08-07 20:32:22,S00114,U2404,Premium,Checkout,/checkout,POST,200,454
2026-08-07 20:32:29,S00114,U2404,Premium,Payment,/payment,POST,200,1241
2026-08-07 20:46:25,S00115,U7685,Guest,Authentication,/login,POST,200,103
2026-08-07 20:46:37,S00115,U7685,Guest,Catalog,/products,GET,200,198
2026-08-07 20:46:52,S00115,U7685,Guest,Search,/search,GET,200,348
2026-08-07 20:47:01,S00115,U7685,Guest,Catalog,/product,GET,200,266
2026-08-07 20:47:15,S00115,U7685,Guest,Cart,/cart,POST,200,236
2026-08-07 20:47:26,S00115,U7685,Guest,Checkout,/checkout,POST,200,624
2026-08-07 20:47:30,S00115,U7685,Guest,Payment,/payment,POST,200,971
2026-08-07 20:47:24,S00116,U5911,Buyer,Homepage,/homepage,GET,200,36
2026-08-07 20:47:41,S00116,U5911,Buyer,Catalog,/products,GET,200,252
2026-08-07 20:47:57,S00116,U5911,Buyer,Search,/search,GET,200,204
2026-08-07 20:47:59,S00116,U5911,Buyer,Homepage,/exit,GET,200,50
2026-08-07 21:49:26,S00117,U6399,Buyer,Authentication,/login,POST,200,114
2026-08-07 21:49:34,S00117,U6399,Buyer,Catalog,/products,GET,200,222
2026-08-07 21:49:48,S00117,U6399,Buyer,Search,/search,GET,200,313
2026-08-07 21:50:05,S00117,U6399,Buyer,Catalog,/product,GET,200,267
2026-08-07 21:50:17,S00117,U6399,Buyer,Cart,/cart,POST,200,342
2026-08-07 21:50:31,S00117,U6399,Buyer,Checkout,/checkout,POST,200,723
2026-08-07 21:50:39,S00117,U6399,Buyer,Payment,/payment,POST,503,1406
2026-08-07 21:34:48,S00118,U1440,Premium,Authentication,/login,POST,200,133
2026-08-07 21:34:59,S00118,U1440,Premium,Catalog,/products,GET,200,277
2026-08-07 21:35:14,S00118,U1440,Premium,Search,/search,GET,200,405
2026-08-07 21:35:25,S00118,U1440,Premium,Catalog,/product,GET,200,181
2026-08-07 21:35:31,S00118,U1440,Premium,Cart,/cart,POST,200,366
2026-08-07 21:35:35,S00118,U1440,Premium,Checkout,/checkout,POST,503,809
2026-08-07 21:35:52,S00118,U1440,Premium,Payment,/payment,POST,200,1396
2026-08-07 20:47:11,S00119,U7853,Premium,Authentication,/login,POST,200,217
2026-08-07 20:47:15,S00119,U7853,Premium,Catalog,/products,GET,200,127
2026-08-07 20:47:28,S00119,U7853,Premium,Search,/search,GET,200,235
2026-08-07 20:47:31,S00119,U7853,Premium,Catalog,/product,GET,500,264
2026-08-07 20:47:45,S00119,U7853,Premium,Cart,/cart,POST,404,319
2026-08-07 20:48:00,S00119,U7853,Premium,Checkout,/checkout,POST,200,458
2026-08-07 20:48:10,S00119,U7853,Premium,Payment,/payment,POST,200,1027
2026-08-07 21:01:19,S00120,U4621,Buyer,Authentication,/login,POST,200,208
2026-08-07 21:01:21,S00120,U4621,Buyer,Catalog,/products,GET,200,223
2026-08-07 21:01:36,S00120,U4621,Buyer,Search,/search,GET,200,193
2026-08-07 21:01:42,S00120,U4621,Buyer,Catalog,/product,GET,200,209
2026-08-07 21:01:58,S00120,U4621,Buyer,Cart,/cart,POST,200,255
2026-08-07 21:02:11,S00120,U4621,Buyer,Checkout,/checkout,POST,200,837
2026-08-07 21:02:27,S00120,U4621,Buyer,Payment,/payment,POST,200,1126
2026-08-07 21:26:34,S00121,U2885,Guest,Homepage,/homepage,GET,200,26
2026-08-07 21:26:41,S00121,U2885,Guest,Catalog,/products,GET,200,289
2026-08-07 21:26:48,S00121,U2885,Guest,Search,/search,GET,200,432
2026-08-07 21:27:03,S00121,U2885,Guest,Homepage,/exit,GET,200,50
2026-08-07 20:57:06,S00122,U4022,Guest,Authentication,/login,POST,200,181
2026-08-07 20:57:14,S00122,U4022,Guest,Catalog,/products,GET,200,215
2026-08-07 20:57:28,S00122,U4022,Guest,Search,/search,GET,200,152
2026-08-07 20:57:36,S00122,U4022,Guest,Catalog,/product,GET,200,191
2026-08-07 20:57:40,S00122,U4022,Guest,Cart,/cart,POST,200,445
2026-08-07 20:57:47,S00122,U4022,Guest,Checkout,/checkout,POST,200,724
2026-08-07 20:58:03,S00122,U4022,Guest,Payment,/payment,POST,200,916
2026-08-07 20:51:09,S00123,U9646,Premium,Authentication,/login,POST,200,180
2026-08-07 20:51:22,S00123,U9646,Premium,Catalog,/products,GET,200,190
2026-08-07 20:51:29,S00123,U9646,Premium,Search,/search,GET,200,302
2026-08-07 20:51:33,S00123,U9646,Premium,Catalog,/product,GET,200,292
2026-08-07 20:51:38,S00123,U9646,Premium,Cart,/cart,POST,200,272
2026-08-07 20:51:45,S00123,U9646,Premium,Checkout,/checkout,POST,200,732
2026-08-07 20:52:03,S00123,U9646,Premium,Payment,/payment,POST,200,1197
2026-08-07 21:24:52,S00124,U7286,Buyer,Authentication,/login,POST,200,217
2026-08-07 21:24:59,S00124,U7286,Buyer,Catalog,/products,GET,200,242
2026-08-07 21:25:10,S00124,U7286,Buyer,Search,/search,GET,200,221
2026-08-07 21:25:26,S00124,U7286,Buyer,Catalog,/product,GET,200,278
2026-08-07 21:25:39,S00124,U7286,Buyer,Cart,/cart,POST,200,154
2026-08-07 21:25:47,S00124,U7286,Buyer,Checkout,/checkout,POST,404,743
2026-08-07 21:26:05,S00124,U7286,Buyer,Payment,/payment,POST,200,1468
2026-08-07 21:04:49,S00125,U7809,Premium,Homepage,/homepage,GET,200,30
2026-08-07 21:04:51,S00125,U7809,Premium,Catalog,/products,GET,200,294
2026-08-07 21:04:54,S00125,U7809,Premium,Search,/search,GET,200,290
2026-08-07 21:05:05,S00125,U7809,Premium,Homepage,/exit,GET,200,25
2026-08-07 20:34:40,S00126,U9369,Guest,Authentication,/login,POST,200,219
2026-08-07 20:34:53,S00126,U9369,Guest,Catalog,/products,GET,200,238
2026-08-07 20:34:56,S00126,U9369,Guest,Search,/search,GET,200,375
2026-08-07 20:35:11,S00126,U9369,Guest,Catalog,/product,GET,200,146
2026-08-07 20:35:20,S00126,U9369,Guest,Cart,/cart,POST,200,302
2026-08-07 20:35:23,S00126,U9369,Guest,Checkout,/checkout,POST,200,810
2026-08-07 20:35:27,S00126,U9369,Guest,Payment,/payment,POST,200,1249
2026-08-07 21:18:22,S00127,U4882,Guest,Homepage,/homepage,GET,200,64
2026-08-07 21:18:37,S00127,U4882,Guest,Catalog,/products,GET,200,142
2026-08-07 21:18:45,S00127,U4882,Guest,Search,/search,GET,200,255
2026-08-07 21:18:58,S00127,U4882,Guest,Homepage,/exit,GET,200,37
2026-08-07 21:16:17,S00128,U6302,Premium,Authentication,/login,POST,404,148
2026-08-07 21:16:35,S00128,U6302,Premium,Catalog,/products,GET,200,273
2026-08-07 21:16:41,S00128,U6302,Premium,Search,/search,GET,200,360
2026-08-07 21:16:51,S00128,U6302,Premium,Catalog,/product,GET,200,341
2026-08-07 21:16:57,S00128,U6302,Premium,Cart,/cart,POST,200,277
2026-08-07 21:17:09,S00128,U6302,Premium,Checkout,/checkout,POST,200,603
2026-08-07 21:17:23,S00128,U6302,Premium,Payment,/payment,POST,200,1301
2026-08-07 21:24:36,S00129,U7786,Buyer,Authentication,/login,POST,200,103
2026-08-07 21:24:46,S00129,U7786,Buyer,Catalog,/products,GET,200,277
2026-08-07 21:24:59,S00129,U7786,Buyer,Search,/search,GET,404,382
2026-08-07 21:25:11,S00129,U7786,Buyer,Catalog,/product,GET,200,268
2026-08-07 21:25:15,S00129,U7786,Buyer,Cart,/cart,POST,200,384
2026-08-07 21:25:28,S00129,U7786,Buyer,Checkout,/checkout,POST,200,414
2026-08-07 21:25:42,S00129,U7786,Buyer,Payment,/payment,POST,404,1023
2026-08-07 20:36:49,S00130,U9105,Buyer,Authentication,/login,POST,200,166
2026-08-07 20:36:55,S00130,U9105,Buyer,Catalog,/products,GET,200,244
2026-08-07 20:37:07,S00130,U9105,Buyer,Search,/search,GET,200,174
2026-08-07 20:37:23,S00130,U9105,Buyer,Catalog,/product,GET,200,124
2026-08-07 20:37:30,S00130,U9105,Buyer,Cart,/cart,POST,200,375
2026-08-07 20:37:45,S00130,U9105,Buyer,Checkout,/checkout,POST,503,557
2026-08-07 20:37:51,S00130,U9105,Buyer,Payment,/payment,POST,200,1703
2026-08-07 20:32:17,S00131,U5489,Guest,Authentication,/login,POST,200,101
2026-08-07 20:32:24,S00131,U5489,Guest,Catalog,/products,GET,200,113
2026-08-07 20:32:35,S00131,U5489,Guest,Search,/search,GET,200,269
2026-08-07 20:32:39,S00131,U5489,Guest,Catalog,/product,GET,200,300
2026-08-07 20:32:47,S00131,U5489,Guest,Cart,/cart,POST,200,394
2026-08-07 20:32:56,S00131,U5489,Guest,Checkout,/checkout,POST,200,881
2026-08-07 20:32:58,S00131,U5489,Guest,Payment,/payment,POST,200,808
2026-08-07 20:07:46,S00132,U7919,Premium,Authentication,/login,POST,200,138
2026-08-07 20:07:51,S00132,U7919,Premium,Catalog,/products,GET,200,126
2026-08-07 20:08:02,S00132,U7919,Premium,Search,/search,GET,200,220
2026-08-07 20:08:08,S00132,U7919,Premium,Catalog,/product,GET,503,284
2026-08-07 20:08:14,S00132,U7919,Premium,Cart,/cart,POST,200,185
2026-08-07 20:08:16,S00132,U7919,Premium,Checkout,/checkout,POST,200,518
2026-08-07 20:08:24,S00132,U7919,Premium,Payment,/payment,POST,200,1443
2026-08-07 20:11:49,S00133,U8248,Guest,Authentication,/login,POST,200,115
2026-08-07 20:12:03,S00133,U8248,Guest,Catalog,/products,GET,404,189
2026-08-07 20:12:15,S00133,U8248,Guest,Search,/search,GET,200,221
2026-08-07 20:12:19,S00133,U8248,Guest,Catalog,/product,GET,200,183
2026-08-07 20:12:30,S00133,U8248,Guest,Cart,/cart,POST,200,163
2026-08-07 20:12:41,S00133,U8248,Guest,Checkout,/checkout,POST,200,560
2026-08-07 20:12:59,S00133,U8248,Guest,Payment,/payment,POST,200,993
2026-08-07 20:13:29,S00134,U1894,Guest,Authentication,/login,POST,200,141
2026-08-07 20:13:33,S00134,U1894,Guest,Catalog,/products,GET,200,235
2026-08-07 20:13:35,S00134,U1894,Guest,Search,/search,GET,200,334
2026-08-07 20:13:41,S00134,U1894,Guest,Catalog,/product,GET,200,219
2026-08-07 20:13:56,S00134,U1894,Guest,Cart,/cart,POST,200,337
2026-08-07 20:14:03,S00134,U1894,Guest,Checkout,/checkout,POST,404,832
2026-08-07 20:14:07,S00134,U1894,Guest,Payment,/payment,POST,200,817
2026-08-07 20:06:21,S00135,U5295,Guest,Authentication,/login,POST,200,181
2026-08-07 20:06:39,S00135,U5295,Guest,Catalog,/products,GET,200,296
2026-08-07 20:06:53,S00135,U5295,Guest,Search,/search,GET,200,192
2026-08-07 20:06:59,S00135,U5295,Guest,Catalog,/product,GET,200,191
2026-08-07 20:07:03,S00135,U5295,Guest,Cart,/cart,POST,200,411
2026-08-07 20:07:09,S00135,U5295,Guest,Checkout,/checkout,POST,200,899
2026-08-07 20:07:13,S00135,U5295,Guest,Payment,/payment,POST,200,1117
2026-08-07 20:57:25,S00136,U1948,Guest,Authentication,/login,POST,200,109
2026-08-07 20:57:28,S00136,U1948,Guest,Catalog,/products,GET,200,179
2026-08-07 20:57:35,S00136,U1948,Guest,Search,/search,GET,200,211
2026-08-07 20:57:41,S00136,U1948,Guest,Catalog,/product,GET,200,299
2026-08-07 20:57:58,S00136,U1948,Guest,Cart,/cart,POST,200,327
2026-08-07 20:58:08,S00136,U1948,Guest,Checkout,/checkout,POST,200,520
2026-08-07 20:58:18,S00136,U1948,Guest,Payment,/payment,POST,200,1550
2026-08-07 20:06:49,S00137,U6488,Buyer,Authentication,/login,POST,200,147
2026-08-07 20:06:53,S00137,U6488,Buyer,Catalog,/products,GET,200,227
2026-08-07 20:07:06,S00137,U6488,Buyer,Search,/search,GET,200,178
2026-08-07 20:07:13,S00137,U6488,Buyer,Catalog,/product,GET,200,214
2026-08-07 20:07:18,S00137,U6488,Buyer,Cart,/cart,POST,200,443
2026-08-07 20:07:23,S00137,U6488,Buyer,Checkout,/checkout,POST,200,583
2026-08-07 20:07:25,S00137,U6488,Buyer,Payment,/payment,POST,200,845
2026-08-07 20:50:23,S00138,U5006,Guest,Authentication,/login,POST,200,118
2026-08-07 20:50:26,S00138,U5006,Guest,Catalog,/products,GET,200,241
2026-08-07 20:50:41,S00138,U5006,Guest,Search,/search,GET,200,264
2026-08-07 20:50:56,S00138,U5006,Guest,Catalog,/product,GET,200,304
2026-08-07 20:51:00,S00138,U5006,Guest,Cart,/cart,POST,200,442
2026-08-07 20:51:18,S00138,U5006,Guest,Checkout,/checkout,POST,200,403
2026-08-07 20:51:36,S00138,U5006,Guest,Payment,/payment,POST,404,847
2026-08-07 20:40:31,S00139,U8620,Buyer,Homepage,/homepage,GET,200,40
2026-08-07 20:40:47,S00139,U8620,Buyer,Catalog,/products,GET,200,102
2026-08-07 20:40:58,S00139,U8620,Buyer,Search,/search,GET,200,438
2026-08-07 20:41:07,S00139,U8620,Buyer,Homepage,/exit,GET,200,34
2026-08-07 21:41:55,S00140,U4201,Premium,Authentication,/login,POST,200,142
2026-08-07 21:42:10,S00140,U4201,Premium,Orders,/orders,GET,200,192
2026-08-07 21:42:23,S00140,U4201,Premium,Orders,/track-order,GET,404,102
2026-08-07 21:42:25,S00140,U4201,Premium,Authentication,/logout,GET,200,88
2026-08-07 20:30:37,S00141,U2703,Guest,Authentication,/login,POST,200,187
2026-08-07 20:30:40,S00141,U2703,Guest,Catalog,/products,GET,200,136
2026-08-07 20:30:44,S00141,U2703,Guest,Search,/search,GET,200,172
2026-08-07 20:31:02,S00141,U2703,Guest,Catalog,/product,GET,200,225
2026-08-07 20:31:15,S00141,U2703,Guest,Cart,/cart,POST,500,384
2026-08-07 20:31:19,S00141,U2703,Guest,Checkout,/checkout,POST,200,447
2026-08-07 20:31:33,S00141,U2703,Guest,Payment,/payment,POST,200,876
2026-08-07 20:30:25,S00142,U8126,Premium,Authentication,/login,POST,200,154
2026-08-07 20:30:37,S00142,U8126,Premium,Catalog,/products,GET,200,200
2026-08-07 20:30:49,S00142,U8126,Premium,Cart,/cart,POST,200,312
2026-08-07 20:30:58,S00142,U8126,Premium,Checkout,/checkout,POST,200,426
2026-08-07 20:31:04,S00142,U8126,Premium,Orders,/cancel-order,POST,200,649
2026-08-07 20:31:09,S00142,U8126,Premium,Authentication,/logout,GET,200,61
2026-08-07 21:43:16,S00143,U7660,Guest,Authentication,/login,POST,200,133
2026-08-07 21:43:32,S00143,U7660,Guest,Catalog,/products,GET,200,167
2026-08-07 21:43:36,S00143,U7660,Guest,Search,/search,GET,200,230
2026-08-07 21:43:47,S00143,U7660,Guest,Catalog,/product,GET,200,331
2026-08-07 21:43:50,S00143,U7660,Guest,Cart,/cart,POST,200,260
2026-08-07 21:44:02,S00143,U7660,Guest,Checkout,/checkout,POST,200,501
2026-08-07 21:44:11,S00143,U7660,Guest,Payment,/payment,POST,200,1791
2026-08-07 21:50:04,S00144,U1802,Premium,Authentication,/login,POST,200,124
2026-08-07 21:50:18,S00144,U1802,Premium,Catalog,/products,GET,200,215
2026-08-07 21:50:27,S00144,U1802,Premium,Search,/search,GET,200,198
2026-08-07 21:50:33,S00144,U1802,Premium,Catalog,/product,GET,200,151
2026-08-07 21:50:42,S00144,U1802,Premium,Cart,/cart,POST,200,216
2026-08-07 21:50:56,S00144,U1802,Premium,Checkout,/checkout,POST,200,731
2026-08-07 21:51:00,S00144,U1802,Premium,Payment,/payment,POST,200,1396
2026-08-07 21:26:17,S00145,U1357,Guest,Authentication,/login,POST,200,193
2026-08-07 21:26:21,S00145,U1357,Guest,Catalog,/products,GET,200,184
2026-08-07 21:26:37,S00145,U1357,Guest,Search,/search,GET,200,175
2026-08-07 21:26:52,S00145,U1357,Guest,Catalog,/product,GET,200,330
2026-08-07 21:27:09,S00145,U1357,Guest,Cart,/cart,POST,200,165
2026-08-07 21:27:24,S00145,U1357,Guest,Checkout,/checkout,POST,200,526
2026-08-07 21:27:31,S00145,U1357,Guest,Payment,/payment,POST,200,1081
2026-08-07 20:31:39,S00146,U1567,Premium,Authentication,/login,POST,200,155
2026-08-07 20:31:56,S00146,U1567,Premium,Catalog,/products,GET,200,115
2026-08-07 20:32:10,S00146,U1567,Premium,Search,/search,GET,200,220
2026-08-07 20:32:28,S00146,U1567,Premium,Catalog,/product,GET,200,183
2026-08-07 20:32:30,S00146,U1567,Premium,Cart,/cart,POST,200,345
2026-08-07 20:32:43,S00146,U1567,Premium,Checkout,/checkout,POST,200,841
2026-08-07 20:33:00,S00146,U1567,Premium,Payment,/payment,POST,200,1152
2026-08-07 20:01:39,S00147,U6269,Buyer,Authentication,/login,POST,200,161
2026-08-07 20:01:41,S00147,U6269,Buyer,Catalog,/products,GET,200,299
2026-08-07 20:01:58,S00147,U6269,Buyer,Search,/search,GET,200,421
2026-08-07 20:02:07,S00147,U6269,Buyer,Catalog,/product,GET,200,160
2026-08-07 20:02:16,S00147,U6269,Buyer,Cart,/cart,POST,200,286
2026-08-07 20:02:19,S00147,U6269,Buyer,Checkout,/checkout,POST,200,574
2026-08-07 20:02:33,S00147,U6269,Buyer,Payment,/payment,POST,200,1163
2026-08-07 21:48:10,S00148,U3885,Guest,Authentication,/login,POST,200,171
2026-08-07 21:48:12,S00148,U3885,Guest,Catalog,/products,GET,200,280
2026-08-07 21:48:18,S00148,U3885,Guest,Search,/search,GET,200,438
2026-08-07 21:48:35,S00148,U3885,Guest,Catalog,/product,GET,200,258
2026-08-07 21:48:52,S00148,U3885,Guest,Cart,/cart,POST,200,169
2026-08-07 21:49:01,S00148,U3885,Guest,Checkout,/checkout,POST,200,574
2026-08-07 21:49:18,S00148,U3885,Guest,Payment,/payment,POST,200,800
2026-08-07 21:47:39,S00149,U3137,Buyer,Homepage,/homepage,GET,200,74
2026-08-07 21:47:42,S00149,U3137,Buyer,Catalog,/products,GET,200,105
2026-08-07 21:47:48,S00149,U3137,Buyer,Search,/search,GET,200,206
2026-08-07 21:48:01,S00149,U3137,Buyer,Homepage,/exit,GET,200,50
2026-08-07 20:16:43,S00150,U2655,Buyer,Authentication,/login,POST,200,120
2026-08-07 20:16:58,S00150,U2655,Buyer,Catalog,/products,GET,404,263
2026-08-07 20:17:10,S00150,U2655,Buyer,Search,/search,GET,200,239
2026-08-07 20:17:23,S00150,U2655,Buyer,Catalog,/product,GET,200,177
2026-08-07 20:17:30,S00150,U2655,Buyer,Cart,/cart,POST,200,343
2026-08-07 20:17:41,S00150,U2655,Buyer,Checkout,/checkout,POST,200,480
2026-08-07 20:17:43,S00150,U2655,Buyer,Payment,/payment,POST,200,1771
2026-08-07 21:48:31,S00151,U1530,Guest,Authentication,/login,POST,200,136
2026-08-07 21:48:36,S00151,U1530,Guest,Catalog,/products,GET,200,227
2026-08-07 21:48:40,S00151,U1530,Guest,Search,/search,GET,200,271
2026-08-07 21:48:52,S00151,U1530,Guest,Catalog,/product,GET,200,162
2026-08-07 21:48:56,S00151,U1530,Guest,Cart,/cart,POST,200,493
2026-08-07 21:49:08,S00151,U1530,Guest,Checkout,/checkout,POST,200,807
2026-08-07 21:49:16,S00151,U1530,Guest,Payment,/payment,POST,200,1055
2026-08-07 20:04:40,S00152,U5205,Guest,Homepage,/homepage,GET,200,44
2026-08-07 20:04:55,S00152,U5205,Guest,Catalog,/products,GET,200,142
2026-08-07 20:05:12,S00152,U5205,Guest,Search,/search,GET,200,343
2026-08-07 20:05:26,S00152,U5205,Guest,Homepage,/exit,GET,200,23
2026-08-07 21:53:34,S00153,U3664,Buyer,Authentication,/login,POST,200,88
2026-08-07 21:53:46,S00153,U3664,Buyer,Catalog,/products,GET,404,166
2026-08-07 21:53:50,S00153,U3664,Buyer,Search,/search,GET,200,325
2026-08-07 21:54:04,S00153,U3664,Buyer,Catalog,/product,GET,200,161
2026-08-07 21:54:08,S00153,U3664,Buyer,Cart,/cart,POST,200,323
2026-08-07 21:54:25,S00153,U3664,Buyer,Checkout,/checkout,POST,200,381
2026-08-07 21:54:32,S00153,U3664,Buyer,Payment,/payment,POST,200,1421
2026-08-07 20:24:02,S00154,U1877,Guest,Authentication,/login,POST,200,184
2026-08-07 20:24:12,S00154,U1877,Guest,Catalog,/products,GET,200,269
2026-08-07 20:24:21,S00154,U1877,Guest,Search,/search,GET,200,199
2026-08-07 20:24:38,S00154,U1877,Guest,Catalog,/product,GET,200,159
2026-08-07 20:24:40,S00154,U1877,Guest,Cart,/cart,POST,200,368
2026-08-07 20:24:57,S00154,U1877,Guest,Checkout,/checkout,POST,200,554
2026-08-07 20:25:05,S00154,U1877,Guest,Payment,/payment,POST,200,974
2026-08-07 20:52:22,S00155,U8758,Guest,Authentication,/login,POST,200,200
2026-08-07 20:52:32,S00155,U8758,Guest,Catalog,/products,GET,200,123
2026-08-07 20:52:46,S00155,U8758,Guest,Search,/search,GET,200,244
2026-08-07 20:53:00,S00155,U8758,Guest,Catalog,/product,GET,200,214
2026-08-07 20:53:03,S00155,U8758,Guest,Cart,/cart,POST,200,284
2026-08-07 20:53:13,S00155,U8758,Guest,Checkout,/checkout,POST,200,581
2026-08-07 20:53:16,S00155,U8758,Guest,Payment,/payment,POST,200,954
2026-08-07 21:12:01,S00156,U2404,Premium,Authentication,/login,POST,500,185
2026-08-07 21:12:10,S00156,U2404,Premium,Catalog,/products,GET,200,241
2026-08-07 21:12:24,S00156,U2404,Premium,Search,/search,GET,200,417
2026-08-07 21:12:41,S00156,U2404,Premium,Catalog,/product,GET,200,266
2026-08-07 21:12:58,S00156,U2404,Premium,Cart,/cart,POST,200,303
2026-08-07 21:13:01,S00156,U2404,Premium,Checkout,/checkout,POST,200,864
2026-08-07 21:13:19,S00156,U2404,Premium,Payment,/payment,POST,200,1619
2026-08-07 20:20:55,S00157,U2970,Buyer,Authentication,/login,POST,200,134
2026-08-07 20:21:01,S00157,U2970,Buyer,Catalog,/products,GET,200,110
2026-08-07 20:21:16,S00157,U2970,Buyer,Search,/search,GET,503,253
2026-08-07 20:21:22,S00157,U2970,Buyer,Catalog,/product,GET,200,333
2026-08-07 20:21:34,S00157,U2970,Buyer,Cart,/cart,POST,200,184
2026-08-07 20:21:48,S00157,U2970,Buyer,Checkout,/checkout,POST,200,683
2026-08-07 20:22:06,S00157,U2970,Buyer,Payment,/payment,POST,200,1269
2026-08-07 20:18:31,S00158,U9561,Buyer,Authentication,/login,POST,200,117
2026-08-07 20:18:36,S00158,U9561,Buyer,Catalog,/products,GET,200,127
2026-08-07 20:18:41,S00158,U9561,Buyer,Search,/search,GET,200,296
2026-08-07 20:18:54,S00158,U9561,Buyer,Catalog,/product,GET,200,344
2026-08-07 20:19:08,S00158,U9561,Buyer,Cart,/cart,POST,200,485
2026-08-07 20:19:25,S00158,U9561,Buyer,Checkout,/checkout,POST,200,388
2026-08-07 20:19:39,S00158,U9561,Buyer,Payment,/payment,POST,200,947
2026-08-07 20:43:21,S00159,U1635,Buyer,Authentication,/login,POST,200,140
2026-08-07 20:43:38,S00159,U1635,Buyer,Orders,/orders,GET,200,317
2026-08-07 20:43:40,S00159,U1635,Buyer,Orders,/track-order,GET,200,186
2026-08-07 20:43:51,S00159,U1635,Buyer,Authentication,/logout,GET,200,79
2026-08-07 21:39:38,S00160,U2609,Guest,Authentication,/login,POST,200,193
2026-08-07 21:39:50,S00160,U2609,Guest,Catalog,/products,GET,200,168
2026-08-07 21:39:54,S00160,U2609,Guest,Search,/search,GET,200,246
2026-08-07 21:40:09,S00160,U2609,Guest,Catalog,/product,GET,200,309
2026-08-07 21:40:27,S00160,U2609,Guest,Cart,/cart,POST,200,341
2026-08-07 21:40:45,S00160,U2609,Guest,Checkout,/checkout,POST,200,512
2026-08-07 21:41:03,S00160,U2609,Guest,Payment,/payment,POST,200,1213
2026-08-07 21:51:49,S00161,U1474,Guest,Authentication,/login,POST,200,131
2026-08-07 21:51:58,S00161,U1474,Guest,Catalog,/products,GET,200,108
2026-08-07 21:52:11,S00161,U1474,Guest,Search,/search,GET,200,251
2026-08-07 21:52:27,S00161,U1474,Guest,Catalog,/product,GET,200,249
2026-08-07 21:52:32,S00161,U1474,Guest,Cart,/cart,POST,200,498
2026-08-07 21:52:45,S00161,U1474,Guest,Checkout,/checkout,POST,200,850
2026-08-07 21:52:52,S00161,U1474,Guest,Payment,/payment,POST,200,1783
2026-08-07 20:33:24,S00162,U6640,Guest,Homepage,/homepage,GET,200,67
2026-08-07 20:33:28,S00162,U6640,Guest,Catalog,/products,GET,200,172
2026-08-07 20:33:31,S00162,U6640,Guest,Search,/search,GET,200,233
2026-08-07 20:33:39,S00162,U6640,Guest,Homepage,/exit,GET,200,47
2026-08-07 21:08:10,S00163,U4387,Buyer,Authentication,/login,POST,200,85
2026-08-07 21:08:12,S00163,U4387,Buyer,Catalog,/products,GET,200,221
2026-08-07 21:08:19,S00163,U4387,Buyer,Search,/search,GET,200,154
2026-08-07 21:08:30,S00163,U4387,Buyer,Catalog,/product,GET,404,302
2026-08-07 21:08:40,S00163,U4387,Buyer,Cart,/cart,POST,200,366
2026-08-07 21:08:53,S00163,U4387,Buyer,Checkout,/checkout,POST,200,820
2026-08-07 21:09:09,S00163,U4387,Buyer,Payment,/payment,POST,200,1109
2026-08-07 21:28:32,S00164,U2676,Guest,Authentication,/login,POST,200,175
2026-08-07 21:28:43,S00164,U2676,Guest,Catalog,/products,GET,200,176
2026-08-07 21:29:00,S00164,U2676,Guest,Search,/search,GET,200,182
2026-08-07 21:29:10,S00164,U2676,Guest,Catalog,/product,GET,200,283
2026-08-07 21:29:20,S00164,U2676,Guest,Cart,/cart,POST,200,283
2026-08-07 21:29:31,S00164,U2676,Guest,Checkout,/checkout,POST,200,542
2026-08-07 21:29:40,S00164,U2676,Guest,Payment,/payment,POST,200,1721
2026-08-07 20:01:34,S00165,U6236,Premium,Authentication,/login,POST,503,207
2026-08-07 20:01:44,S00165,U6236,Premium,Catalog,/products,GET,200,207
2026-08-07 20:01:47,S00165,U6236,Premium,Search,/search,GET,200,448
2026-08-07 20:01:55,S00165,U6236,Premium,Catalog,/product,GET,200,207
2026-08-07 20:02:04,S00165,U6236,Premium,Cart,/cart,POST,200,423
2026-08-07 20:02:21,S00165,U6236,Premium,Checkout,/checkout,POST,200,717
2026-08-07 20:02:28,S00165,U6236,Premium,Payment,/payment,POST,200,1660
2026-08-07 21:39:15,S00166,U5813,Guest,Authentication,/login,POST,200,146
2026-08-07 21:39:22,S00166,U5813,Guest,Catalog,/products,GET,200,274
2026-08-07 21:39:26,S00166,U5813,Guest,Search,/search,GET,200,263
2026-08-07 21:39:37,S00166,U5813,Guest,Catalog,/product,GET,200,227
2026-08-07 21:39:49,S00166,U5813,Guest,Cart,/cart,POST,200,340
2026-08-07 21:40:00,S00166,U5813,Guest,Checkout,/checkout,POST,200,824
2026-08-07 21:40:17,S00166,U5813,Guest,Payment,/payment,POST,200,854
2026-08-07 21:56:32,S00167,U8736,Guest,Authentication,/login,POST,200,177
2026-08-07 21:56:47,S00167,U8736,Guest,Catalog,/products,GET,200,113
2026-08-07 21:56:53,S00167,U8736,Guest,Search,/search,GET,503,220
2026-08-07 21:57:05,S00167,U8736,Guest,Catalog,/product,GET,500,224
2026-08-07 21:57:21,S00167,U8736,Guest,Cart,/cart,POST,200,223
2026-08-07 21:57:28,S00167,U8736,Guest,Checkout,/checkout,POST,200,432
2026-08-07 21:57:35,S00167,U8736,Guest,Payment,/payment,POST,200,1120
2026-08-07 21:43:42,S00168,U8406,Buyer,Authentication,/login,POST,200,123
2026-08-07 21:43:49,S00168,U8406,Buyer,Catalog,/products,GET,200,225
2026-08-07 21:43:53,S00168,U8406,Buyer,Search,/search,GET,200,216
2026-08-07 21:44:08,S00168,U8406,Buyer,Catalog,/product,GET,200,223
2026-08-07 21:44:25,S00168,U8406,Buyer,Cart,/cart,POST,200,346
2026-08-07 21:44:33,S00168,U8406,Buyer,Checkout,/checkout,POST,404,732
2026-08-07 21:44:45,S00168,U8406,Buyer,Payment,/payment,POST,200,1575
2026-08-07 21:38:15,S00169,U1293,Premium,Authentication,/login,POST,200,143
2026-08-07 21:38:28,S00169,U1293,Premium,Catalog,/products,GET,200,179
2026-08-07 21:38:42,S00169,U1293,Premium,Search,/search,GET,200,407
2026-08-07 21:38:49,S00169,U1293,Premium,Catalog,/product,GET,200,136
2026-08-07 21:39:00,S00169,U1293,Premium,Cart,/cart,POST,200,298
2026-08-07 21:39:18,S00169,U1293,Premium,Checkout,/checkout,POST,200,886
2026-08-07 21:39:24,S00169,U1293,Premium,Payment,/payment,POST,503,1150
2026-08-07 21:48:57,S00170,U6885,Guest,Authentication,/login,POST,200,183
2026-08-07 21:49:06,S00170,U6885,Guest,Catalog,/products,GET,500,286
2026-08-07 21:49:14,S00170,U6885,Guest,Search,/search,GET,200,161
2026-08-07 21:49:21,S00170,U6885,Guest,Catalog,/product,GET,200,151
2026-08-07 21:49:24,S00170,U6885,Guest,Cart,/cart,POST,200,342
2026-08-07 21:49:34,S00170,U6885,Guest,Checkout,/checkout,POST,200,897
2026-08-07 21:49:37,S00170,U6885,Guest,Payment,/payment,POST,200,1477
2026-08-07 20:58:45,S00171,U1790,Premium,Authentication,/login,POST,200,177
2026-08-07 20:58:55,S00171,U1790,Premium,Catalog,/products,GET,200,221
2026-08-07 20:59:03,S00171,U1790,Premium,Search,/search,GET,200,154
2026-08-07 20:59:08,S00171,U1790,Premium,Catalog,/product,GET,200,289
2026-08-07 20:59:14,S00171,U1790,Premium,Cart,/cart,POST,200,364
2026-08-07 20:59:19,S00171,U1790,Premium,Checkout,/checkout,POST,200,873
2026-08-07 20:59:24,S00171,U1790,Premium,Payment,/payment,POST,200,1089
2026-08-07 21:44:19,S00172,U9154,Guest,Authentication,/login,POST,200,147
2026-08-07 21:44:27,S00172,U9154,Guest,Catalog,/products,GET,200,191
2026-08-07 21:44:38,S00172,U9154,Guest,Search,/search,GET,200,232
2026-08-07 21:44:55,S00172,U9154,Guest,Catalog,/product,GET,200,173
2026-08-07 21:45:12,S00172,U9154,Guest,Cart,/cart,POST,200,319
2026-08-07 21:45:14,S00172,U9154,Guest,Checkout,/checkout,POST,200,441
2026-08-07 21:45:31,S00172,U9154,Guest,Payment,/payment,POST,200,952
2026-08-07 20:33:02,S00173,U2229,Premium,Homepage,/homepage,GET,200,61
2026-08-07 20:33:13,S00173,U2229,Premium,Catalog,/products,GET,200,167
2026-08-07 20:33:18,S00173,U2229,Premium,Search,/search,GET,200,239
2026-08-07 20:33:29,S00173,U2229,Premium,Homepage,/exit,GET,200,31
2026-08-07 21:54:19,S00174,U7979,Premium,Authentication,/login,POST,200,91
2026-08-07 21:54:25,S00174,U7979,Premium,Catalog,/products,GET,200,269
2026-08-07 21:54:37,S00174,U7979,Premium,Search,/search,GET,200,333
2026-08-07 21:54:47,S00174,U7979,Premium,Catalog,/product,GET,200,344
2026-08-07 21:55:00,S00174,U7979,Premium,Cart,/cart,POST,200,325
2026-08-07 21:55:14,S00174,U7979,Premium,Checkout,/checkout,POST,404,759
2026-08-07 21:55:24,S00174,U7979,Premium,Payment,/payment,POST,200,1655
2026-08-07 20:20:52,S00175,U7909,Premium,Authentication,/login,POST,200,108
2026-08-07 20:20:55,S00175,U7909,Premium,Orders,/orders,GET,200,261
2026-08-07 20:21:12,S00175,U7909,Premium,Orders,/track-order,GET,200,245
2026-08-07 20:21:19,S00175,U7909,Premium,Authentication,/logout,GET,200,118
2026-08-07 21:37:23,S00176,U1472,Premium,Authentication,/login,POST,200,113
2026-08-07 21:37:40,S00176,U1472,Premium,Orders,/orders,GET,200,237
2026-08-07 21:37:56,S00176,U1472,Premium,Orders,/track-order,GET,200,111
2026-08-07 21:38:08,S00176,U1472,Premium,Authentication,/logout,GET,200,41
2026-08-07 21:08:58,S00177,U4669,Premium,Authentication,/login,POST,200,213
2026-08-07 21:09:03,S00177,U4669,Premium,Orders,/orders,GET,200,401
2026-08-07 21:09:12,S00177,U4669,Premium,Orders,/track-order,GET,200,223
2026-08-07 21:09:26,S00177,U4669,Premium,Authentication,/logout,GET,200,59
2026-08-07 21:07:07,S00178,U1190,Premium,Authentication,/login,POST,200,200
2026-08-07 21:07:14,S00178,U1190,Premium,Orders,/orders,GET,200,218
2026-08-07 21:07:26,S00178,U1190,Premium,Orders,/track-order,GET,200,161
2026-08-07 21:07:36,S00178,U1190,Premium,Authentication,/logout,GET,200,46
2026-08-07 20:58:44,S00179,U7607,Guest,Authentication,/login,POST,200,194
2026-08-07 20:59:01,S00179,U7607,Guest,Catalog,/products,GET,200,214
2026-08-07 20:59:18,S00179,U7607,Guest,Search,/search,GET,200,159
2026-08-07 20:59:33,S00179,U7607,Guest,Catalog,/product,GET,200,129
2026-08-07 20:59:35,S00179,U7607,Guest,Cart,/cart,POST,200,196
2026-08-07 20:59:46,S00179,U7607,Guest,Checkout,/checkout,POST,200,870
2026-08-07 21:00:02,S00179,U7607,Guest,Payment,/payment,POST,200,1773
2026-08-07 21:42:52,S00180,U4652,Buyer,Authentication,/login,POST,200,201
2026-08-07 21:43:05,S00180,U4652,Buyer,Catalog,/products,GET,200,283
2026-08-07 21:43:10,S00180,U4652,Buyer,Search,/search,GET,200,263
2026-08-07 21:43:23,S00180,U4652,Buyer,Catalog,/product,GET,200,332
2026-08-07 21:43:34,S00180,U4652,Buyer,Cart,/cart,POST,200,430
2026-08-07 21:43:39,S00180,U4652,Buyer,Checkout,/checkout,POST,200,396
2026-08-07 21:43:56,S00180,U4652,Buyer,Payment,/payment,POST,200,943
2026-08-07 20:23:42,S00181,U2752,Buyer,Authentication,/login,POST,200,110
2026-08-07 20:23:56,S00181,U2752,Buyer,Catalog,/products,GET,200,155
2026-08-07 20:24:04,S00181,U2752,Buyer,Search,/search,GET,200,323
2026-08-07 20:24:19,S00181,U2752,Buyer,Catalog,/product,GET,200,131
2026-08-07 20:24:24,S00181,U2752,Buyer,Cart,/cart,POST,200,380
2026-08-07 20:24:42,S00181,U2752,Buyer,Checkout,/checkout,POST,404,487
2026-08-07 20:24:44,S00181,U2752,Buyer,Payment,/payment,POST,200,1343
2026-08-07 20:22:17,S00182,U8912,Premium,Homepage,/homepage,GET,200,64
2026-08-07 20:22:23,S00182,U8912,Premium,Catalog,/products,GET,200,126
2026-08-07 20:22:35,S00182,U8912,Premium,Search,/search,GET,200,408
2026-08-07 20:22:50,S00182,U8912,Premium,Homepage,/exit,GET,200,39
2026-08-07 20:38:15,S00183,U5482,Buyer,Authentication,/login,POST,200,195
2026-08-07 20:38:21,S00183,U5482,Buyer,Catalog,/products,GET,200,205
2026-08-07 20:38:39,S00183,U5482,Buyer,Cart,/cart,POST,200,303
2026-08-07 20:38:51,S00183,U5482,Buyer,Checkout,/checkout,POST,200,572
2026-08-07 20:39:02,S00183,U5482,Buyer,Orders,/cancel-order,POST,200,526
2026-08-07 20:39:08,S00183,U5482,Buyer,Authentication,/logout,GET,200,62
2026-08-07 21:17:40,S00184,U2890,Buyer,Authentication,/login,POST,200,186
2026-08-07 21:17:51,S00184,U2890,Buyer,Catalog,/products,GET,200,208
2026-08-07 21:18:09,S00184,U2890,Buyer,Search,/search,GET,200,204
2026-08-07 21:18:15,S00184,U2890,Buyer,Catalog,/product,GET,200,133
2026-08-07 21:18:23,S00184,U2890,Buyer,Cart,/cart,POST,200,286
2026-08-07 21:18:30,S00184,U2890,Buyer,Checkout,/checkout,POST,200,643
2026-08-07 21:18:36,S00184,U2890,Buyer,Payment,/payment,POST,200,1659
2026-08-07 21:49:14,S00185,U4342,Premium,Authentication,/login,POST,200,195
2026-08-07 21:49:23,S00185,U4342,Premium,Catalog,/products,GET,200,290
2026-08-07 21:49:37,S00185,U4342,Premium,Search,/search,GET,200,271
2026-08-07 21:49:48,S00185,U4342,Premium,Catalog,/product,GET,200,297
2026-08-07 21:50:02,S00185,U4342,Premium,Cart,/cart,POST,200,348
2026-08-07 21:50:14,S00185,U4342,Premium,Checkout,/checkout,POST,200,405
2026-08-07 21:50:24,S00185,U4342,Premium,Payment,/payment,POST,200,1007
2026-08-07 21:26:31,S00186,U4695,Premium,Homepage,/homepage,GET,200,43
2026-08-07 21:26:39,S00186,U4695,Premium,Catalog,/products,GET,200,298
2026-08-07 21:26:47,S00186,U4695,Premium,Search,/search,GET,200,300
2026-08-07 21:26:51,S00186,U4695,Premium,Homepage,/exit,GET,404,25
2026-08-07 20:36:12,S00187,U2955,Buyer,Authentication,/login,POST,200,147
2026-08-07 20:36:22,S00187,U2955,Buyer,Catalog,/products,GET,200,101
2026-08-07 20:36:28,S00187,U2955,Buyer,Search,/search,GET,200,170
2026-08-07 20:36:40,S00187,U2955,Buyer,Catalog,/product,GET,200,272
2026-08-07 20:36:51,S00187,U2955,Buyer,Cart,/cart,POST,200,401
2026-08-07 20:37:04,S00187,U2955,Buyer,Checkout,/checkout,POST,200,424
2026-08-07 20:37:16,S00187,U2955,Buyer,Payment,/payment,POST,200,1338
2026-08-07 20:19:51,S00188,U9529,Guest,Homepage,/homepage,GET,200,46
2026-08-07 20:20:05,S00188,U9529,Guest,Catalog,/products,GET,200,123
2026-08-07 20:20:13,S00188,U9529,Guest,Search,/search,GET,200,319
2026-08-07 20:20:24,S00188,U9529,Guest,Homepage,/exit,GET,404,26
2026-08-07 21:26:45,S00189,U8780,Premium,Homepage,/homepage,GET,200,20
2026-08-07 21:26:58,S00189,U8780,Premium,Catalog,/products,GET,200,214
2026-08-07 21:27:07,S00189,U8780,Premium,Search,/search,GET,200,170
2026-08-07 21:27:19,S00189,U8780,Premium,Homepage,/exit,GET,200,32
2026-08-07 20:36:42,S00190,U7322,Buyer,Authentication,/login,POST,200,86
2026-08-07 20:36:55,S00190,U7322,Buyer,Catalog,/products,GET,200,231
2026-08-07 20:37:11,S00190,U7322,Buyer,Search,/search,GET,200,399
2026-08-07 20:37:19,S00190,U7322,Buyer,Catalog,/product,GET,200,202
2026-08-07 20:37:24,S00190,U7322,Buyer,Cart,/cart,POST,500,235
2026-08-07 20:37:26,S00190,U7322,Buyer,Checkout,/checkout,POST,200,417
2026-08-07 20:37:34,S00190,U7322,Buyer,Payment,/payment,POST,200,1685
2026-08-07 21:58:03,S00191,U4368,Premium,Homepage,/homepage,GET,200,67
2026-08-07 21:58:07,S00191,U4368,Premium,Catalog,/products,GET,200,291
2026-08-07 21:58:09,S00191,U4368,Premium,Search,/search,GET,200,385
2026-08-07 21:58:12,S00191,U4368,Premium,Homepage,/exit,GET,200,22
2026-08-07 21:50:16,S00192,U5127,Premium,Authentication,/login,POST,200,138
2026-08-07 21:50:31,S00192,U5127,Premium,Catalog,/products,GET,200,199
2026-08-07 21:50:45,S00192,U5127,Premium,Search,/search,GET,200,371
2026-08-07 21:50:59,S00192,U5127,Premium,Catalog,/product,GET,200,292
2026-08-07 21:51:01,S00192,U5127,Premium,Cart,/cart,POST,200,478
2026-08-07 21:51:05,S00192,U5127,Premium,Checkout,/checkout,POST,200,396
2026-08-07 21:51:09,S00192,U5127,Premium,Payment,/payment,POST,200,1166
2026-08-07 20:09:54,S00193,U5748,Premium,Authentication,/login,POST,200,152
2026-08-07 20:10:10,S00193,U5748,Premium,Catalog,/products,GET,200,197
2026-08-07 20:10:12,S00193,U5748,Premium,Search,/search,GET,200,392
2026-08-07 20:10:21,S00193,U5748,Premium,Catalog,/product,GET,200,154
2026-08-07 20:10:32,S00193,U5748,Premium,Cart,/cart,POST,200,474
2026-08-07 20:10:45,S00193,U5748,Premium,Checkout,/checkout,POST,200,361
2026-08-07 20:10:51,S00193,U5748,Premium,Payment,/payment,POST,200,926
2026-08-07 20:39:42,S00194,U9800,Premium,Authentication,/login,POST,200,133
2026-08-07 20:39:55,S00194,U9800,Premium,Orders,/orders,GET,200,288
2026-08-07 20:40:13,S00194,U9800,Premium,Orders,/track-order,GET,200,136
2026-08-07 20:40:22,S00194,U9800,Premium,Authentication,/logout,GET,200,118
2026-08-07 21:15:33,S00195,U2877,Guest,Authentication,/login,POST,200,93
2026-08-07 21:15:49,S00195,U2877,Guest,Catalog,/products,GET,200,265
2026-08-07 21:16:00,S00195,U2877,Guest,Search,/search,GET,200,184
2026-08-07 21:16:08,S00195,U2877,Guest,Catalog,/product,GET,200,305
2026-08-07 21:16:20,S00195,U2877,Guest,Cart,/cart,POST,200,332
2026-08-07 21:16:29,S00195,U2877,Guest,Checkout,/checkout,POST,200,452
2026-08-07 21:16:33,S00195,U2877,Guest,Payment,/payment,POST,200,1721
2026-08-07 20:39:50,S00196,U8383,Buyer,Authentication,/login,POST,200,119
2026-08-07 20:40:03,S00196,U8383,Buyer,Catalog,/products,GET,404,180
2026-08-07 20:40:10,S00196,U8383,Buyer,Search,/search,GET,200,152
2026-08-07 20:40:19,S00196,U8383,Buyer,Catalog,/product,GET,200,302
2026-08-07 20:40:34,S00196,U8383,Buyer,Cart,/cart,POST,200,291
2026-08-07 20:40:40,S00196,U8383,Buyer,Checkout,/checkout,POST,200,689
2026-08-07 20:40:56,S00196,U8383,Buyer,Payment,/payment,POST,200,1256
2026-08-07 21:26:14,S00197,U8978,Premium,Authentication,/login,POST,200,100
2026-08-07 21:26:20,S00197,U8978,Premium,Catalog,/products,GET,200,237
2026-08-07 21:26:24,S00197,U8978,Premium,Search,/search,GET,200,188
2026-08-07 21:26:42,S00197,U8978,Premium,Catalog,/product,GET,200,281
2026-08-07 21:26:56,S00197,U8978,Premium,Cart,/cart,POST,200,452
2026-08-07 21:26:59,S00197,U8978,Premium,Checkout,/checkout,POST,200,616
2026-08-07 21:27:16,S00197,U8978,Premium,Payment,/payment,POST,200,1469
2026-08-07 21:18:36,S00198,U7430,Guest,Authentication,/login,POST,200,154
2026-08-07 21:18:54,S00198,U7430,Guest,Orders,/orders,GET,200,441
2026-08-07 21:19:07,S00198,U7430,Guest,Orders,/track-order,GET,200,228
2026-08-07 21:19:16,S00198,U7430,Guest,Authentication,/logout,GET,200,118
2026-08-07 21:15:25,S00199,U3299,Buyer,Authentication,/login,POST,200,117
2026-08-07 21:15:42,S00199,U3299,Buyer,Catalog,/products,GET,200,191
2026-08-07 21:15:59,S00199,U3299,Buyer,Search,/search,GET,200,268
2026-08-07 21:16:12,S00199,U3299,Buyer,Catalog,/product,GET,200,179
2026-08-07 21:16:20,S00199,U3299,Buyer,Cart,/cart,POST,200,415
2026-08-07 21:16:33,S00199,U3299,Buyer,Checkout,/checkout,POST,200,747
2026-08-07 21:16:49,S00199,U3299,Buyer,Payment,/payment,POST,200,1702
2026-08-07 21:24:36,S00200,U2691,Premium,Authentication,/login,POST,200,150
2026-08-07 21:24:46,S00200,U2691,Premium,Catalog,/products,GET,200,248
2026-08-07 21:24:53,S00200,U2691,Premium,Cart,/cart,POST,200,342
2026-08-07 21:25:06,S00200,U2691,Premium,Checkout,/checkout,POST,200,429
2026-08-07 21:25:20,S00200,U2691,Premium,Orders,/cancel-order,POST,200,464
2026-08-07 21:25:33,S00200,U2691,Premium,Authentication,/logout,GET,200,84
2026-08-07 20:58:09,S00201,U1108,Premium,Authentication,/login,POST,200,122
2026-08-07 20:58:27,S00201,U1108,Premium,Orders,/orders,GET,200,323
2026-08-07 20:58:34,S00201,U1108,Premium,Orders,/track-order,GET,200,140
2026-08-07 20:58:39,S00201,U1108,Premium,Authentication,/logout,GET,200,69
2026-08-07 21:03:30,S00202,U2856,Buyer,Authentication,/login,POST,200,133
2026-08-07 21:03:45,S00202,U2856,Buyer,Catalog,/products,GET,200,105
2026-08-07 21:03:51,S00202,U2856,Buyer,Search,/search,GET,200,443
2026-08-07 21:03:57,S00202,U2856,Buyer,Catalog,/product,GET,200,281
2026-08-07 21:04:03,S00202,U2856,Buyer,Cart,/cart,POST,200,178
2026-08-07 21:04:10,S00202,U2856,Buyer,Checkout,/checkout,POST,404,879
2026-08-07 21:04:12,S00202,U2856,Buyer,Payment,/payment,POST,200,1699
2026-08-07 21:02:27,S00203,U2404,Guest,Authentication,/login,POST,200,203
2026-08-07 21:02:42,S00203,U2404,Guest,Catalog,/products,GET,200,253
2026-08-07 21:02:49,S00203,U2404,Guest,Search,/search,GET,200,411
2026-08-07 21:03:01,S00203,U2404,Guest,Catalog,/product,GET,200,236
2026-08-07 21:03:05,S00203,U2404,Guest,Cart,/cart,POST,200,267
2026-08-07 21:03:11,S00203,U2404,Guest,Checkout,/checkout,POST,200,461
2026-08-07 21:03:29,S00203,U2404,Guest,Payment,/payment,POST,200,1680
2026-08-07 21:03:04,S00204,U3450,Premium,Authentication,/login,POST,200,89
2026-08-07 21:03:22,S00204,U3450,Premium,Catalog,/products,GET,200,292
2026-08-07 21:03:39,S00204,U3450,Premium,Search,/search,GET,200,216
2026-08-07 21:03:41,S00204,U3450,Premium,Catalog,/product,GET,200,349
2026-08-07 21:03:56,S00204,U3450,Premium,Cart,/cart,POST,200,417
2026-08-07 21:03:59,S00204,U3450,Premium,Checkout,/checkout,POST,200,892
2026-08-07 21:04:16,S00204,U3450,Premium,Payment,/payment,POST,200,1608
2026-08-07 21:03:14,S00205,U2600,Buyer,Authentication,/login,POST,200,139
2026-08-07 21:03:18,S00205,U2600,Buyer,Catalog,/products,GET,200,172
2026-08-07 21:03:33,S00205,U2600,Buyer,Search,/search,GET,200,281
2026-08-07 21:03:35,S00205,U2600,Buyer,Catalog,/product,GET,200,267
2026-08-07 21:03:53,S00205,U2600,Buyer,Cart,/cart,POST,200,153
2026-08-07 21:04:01,S00205,U2600,Buyer,Checkout,/checkout,POST,200,673
2026-08-07 21:04:06,S00205,U2600,Buyer,Payment,/payment,POST,200,958
2026-08-07 20:48:01,S00206,U5281,Premium,Authentication,/login,POST,503,150
2026-08-07 20:48:15,S00206,U5281,Premium,Catalog,/products,GET,200,293
2026-08-07 20:48:32,S00206,U5281,Premium,Search,/search,GET,200,241
2026-08-07 20:48:49,S00206,U5281,Premium,Catalog,/product,GET,500,184
2026-08-07 20:49:02,S00206,U5281,Premium,Cart,/cart,POST,200,353
2026-08-07 20:49:07,S00206,U5281,Premium,Checkout,/checkout,POST,200,585
2026-08-07 20:49:14,S00206,U5281,Premium,Payment,/payment,POST,200,902
2026-08-07 21:31:33,S00207,U6544,Premium,Authentication,/login,POST,200,93
2026-08-07 21:31:35,S00207,U6544,Premium,Catalog,/products,GET,200,123
2026-08-07 21:31:52,S00207,U6544,Premium,Search,/search,GET,200,372
2026-08-07 21:32:02,S00207,U6544,Premium,Catalog,/product,GET,200,176
2026-08-07 21:32:05,S00207,U6544,Premium,Cart,/cart,POST,200,346
2026-08-07 21:32:19,S00207,U6544,Premium,Checkout,/checkout,POST,200,883
2026-08-07 21:32:22,S00207,U6544,Premium,Payment,/payment,POST,200,1768
2026-08-07 21:54:13,S00208,U9099,Buyer,Authentication,/login,POST,200,212
2026-08-07 21:54:16,S00208,U9099,Buyer,Catalog,/products,GET,200,300
2026-08-07 21:54:34,S00208,U9099,Buyer,Search,/search,GET,200,268
2026-08-07 21:54:37,S00208,U9099,Buyer,Catalog,/product,GET,200,212
2026-08-07 21:54:39,S00208,U9099,Buyer,Cart,/cart,POST,200,230
2026-08-07 21:54:49,S00208,U9099,Buyer,Checkout,/checkout,POST,200,759
2026-08-07 21:55:03,S00208,U9099,Buyer,Payment,/payment,POST,200,1215
2026-08-07 20:10:24,S00209,U1251,Premium,Homepage,/homepage,GET,200,55
2026-08-07 20:10:37,S00209,U1251,Premium,Catalog,/products,GET,404,188
2026-08-07 20:10:47,S00209,U1251,Premium,Search,/search,GET,200,265
2026-08-07 20:10:55,S00209,U1251,Premium,Homepage,/exit,GET,200,34
2026-08-07 20:12:38,S00210,U5277,Guest,Authentication,/login,POST,200,98
2026-08-07 20:12:50,S00210,U5277,Guest,Catalog,/products,GET,200,129
2026-08-07 20:13:00,S00210,U5277,Guest,Search,/search,GET,200,425
2026-08-07 20:13:10,S00210,U5277,Guest,Catalog,/product,GET,200,297
2026-08-07 20:13:24,S00210,U5277,Guest,Cart,/cart,POST,200,438
2026-08-07 20:13:33,S00210,U5277,Guest,Checkout,/checkout,POST,404,697
2026-08-07 20:13:49,S00210,U5277,Guest,Payment,/payment,POST,200,1497
2026-08-07 20:50:20,S00211,U8896,Guest,Authentication,/login,POST,200,136
2026-08-07 20:50:29,S00211,U8896,Guest,Catalog,/products,GET,200,180
2026-08-07 20:50:42,S00211,U8896,Guest,Search,/search,GET,200,414
2026-08-07 20:50:52,S00211,U8896,Guest,Catalog,/product,GET,200,183
2026-08-07 20:51:06,S00211,U8896,Guest,Cart,/cart,POST,200,494
2026-08-07 20:51:18,S00211,U8896,Guest,Checkout,/checkout,POST,200,427
2026-08-07 20:51:25,S00211,U8896,Guest,Payment,/payment,POST,200,1287
2026-08-07 21:31:22,S00212,U5408,Guest,Authentication,/login,POST,200,128
2026-08-07 21:31:30,S00212,U5408,Guest,Orders,/orders,GET,200,300
2026-08-07 21:31:40,S00212,U5408,Guest,Orders,/track-order,GET,200,152
2026-08-07 21:31:49,S00212,U5408,Guest,Authentication,/logout,GET,200,119
2026-08-07 21:28:40,S00213,U2964,Guest,Authentication,/login,POST,200,206
2026-08-07 21:28:43,S00213,U2964,Guest,Catalog,/products,GET,200,223
2026-08-07 21:28:55,S00213,U2964,Guest,Search,/search,GET,200,402
2026-08-07 21:29:05,S00213,U2964,Guest,Catalog,/product,GET,200,245
2026-08-07 21:29:23,S00213,U2964,Guest,Cart,/cart,POST,200,293
2026-08-07 21:29:29,S00213,U2964,Guest,Checkout,/checkout,POST,200,405
2026-08-07 21:29:44,S00213,U2964,Guest,Payment,/payment,POST,200,1289
2026-08-07 21:31:48,S00214,U9232,Buyer,Authentication,/login,POST,200,124
2026-08-07 21:31:53,S00214,U9232,Buyer,Catalog,/products,GET,200,278
2026-08-07 21:32:05,S00214,U9232,Buyer,Search,/search,GET,200,154
2026-08-07 21:32:13,S00214,U9232,Buyer,Catalog,/product,GET,200,217
2026-08-07 21:32:25,S00214,U9232,Buyer,Cart,/cart,POST,200,335
2026-08-07 21:32:35,S00214,U9232,Buyer,Checkout,/checkout,POST,200,541
2026-08-07 21:32:44,S00214,U9232,Buyer,Payment,/payment,POST,200,1075
2026-08-07 20:26:50,S00215,U6995,Guest,Authentication,/login,POST,200,187
2026-08-07 20:27:03,S00215,U6995,Guest,Catalog,/products,GET,200,193
2026-08-07 20:27:13,S00215,U6995,Guest,Search,/search,GET,200,380
2026-08-07 20:27:19,S00215,U6995,Guest,Catalog,/product,GET,200,267
2026-08-07 20:27:24,S00215,U6995,Guest,Cart,/cart,POST,200,288
2026-08-07 20:27:39,S00215,U6995,Guest,Checkout,/checkout,POST,200,740
2026-08-07 20:27:45,S00215,U6995,Guest,Payment,/payment,POST,200,1284
2026-08-07 21:54:04,S00216,U7906,Buyer,Authentication,/login,POST,200,212
2026-08-07 21:54:16,S00216,U7906,Buyer,Catalog,/products,GET,200,224
2026-08-07 21:54:19,S00216,U7906,Buyer,Search,/search,GET,200,353
2026-08-07 21:54:26,S00216,U7906,Buyer,Catalog,/product,GET,200,135
2026-08-07 21:54:36,S00216,U7906,Buyer,Cart,/cart,POST,200,393
2026-08-07 21:54:41,S00216,U7906,Buyer,Checkout,/checkout,POST,200,810
2026-08-07 21:54:51,S00216,U7906,Buyer,Payment,/payment,POST,200,1169
2026-08-07 20:46:02,S00217,U6638,Guest,Authentication,/login,POST,200,130
2026-08-07 20:46:09,S00217,U6638,Guest,Catalog,/products,GET,200,299
2026-08-07 20:46:21,S00217,U6638,Guest,Search,/search,GET,200,411
2026-08-07 20:46:37,S00217,U6638,Guest,Catalog,/product,GET,200,347
2026-08-07 20:46:48,S00217,U6638,Guest,Cart,/cart,POST,200,387
2026-08-07 20:46:54,S00217,U6638,Guest,Checkout,/checkout,POST,200,521
2026-08-07 20:47:06,S00217,U6638,Guest,Payment,/payment,POST,200,1231
2026-08-07 20:29:15,S00218,U2168,Guest,Authentication,/login,POST,200,160
2026-08-07 20:29:26,S00218,U2168,Guest,Catalog,/products,GET,200,281
2026-08-07 20:29:40,S00218,U2168,Guest,Search,/search,GET,200,288
2026-08-07 20:29:53,S00218,U2168,Guest,Catalog,/product,GET,200,311
2026-08-07 20:30:09,S00218,U2168,Guest,Cart,/cart,POST,200,361
2026-08-07 20:30:11,S00218,U2168,Guest,Checkout,/checkout,POST,200,478
2026-08-07 20:30:21,S00218,U2168,Guest,Payment,/payment,POST,200,1763
2026-08-07 20:11:08,S00219,U4450,Guest,Authentication,/login,POST,200,96
2026-08-07 20:11:25,S00219,U4450,Guest,Catalog,/products,GET,200,240
2026-08-07 20:11:39,S00219,U4450,Guest,Search,/search,GET,200,418
2026-08-07 20:11:43,S00219,U4450,Guest,Catalog,/product,GET,200,146
2026-08-07 20:11:49,S00219,U4450,Guest,Cart,/cart,POST,200,193
2026-08-07 20:12:03,S00219,U4450,Guest,Checkout,/checkout,POST,200,666
2026-08-07 20:12:14,S00219,U4450,Guest,Payment,/payment,POST,200,1253
2026-08-07 21:28:41,S00220,U9630,Guest,Authentication,/login,POST,200,171
2026-08-07 21:28:53,S00220,U9630,Guest,Catalog,/products,GET,200,221
2026-08-07 21:29:03,S00220,U9630,Guest,Search,/search,GET,200,430
2026-08-07 21:29:10,S00220,U9630,Guest,Catalog,/product,GET,200,271
2026-08-07 21:29:25,S00220,U9630,Guest,Cart,/cart,POST,200,418
2026-08-07 21:29:36,S00220,U9630,Guest,Checkout,/checkout,POST,200,705
2026-08-07 21:29:45,S00220,U9630,Guest,Payment,/payment,POST,200,1624
2026-08-07 20:39:32,S00221,U6992,Buyer,Authentication,/login,POST,200,82
2026-08-07 20:39:38,S00221,U6992,Buyer,Catalog,/products,GET,200,188
2026-08-07 20:39:40,S00221,U6992,Buyer,Search,/search,GET,200,401
2026-08-07 20:39:57,S00221,U6992,Buyer,Catalog,/product,GET,200,196
2026-08-07 20:40:12,S00221,U6992,Buyer,Cart,/cart,POST,200,299
2026-08-07 20:40:14,S00221,U6992,Buyer,Checkout,/checkout,POST,200,732
2026-08-07 20:40:29,S00221,U6992,Buyer,Payment,/payment,POST,200,1204
2026-08-07 20:55:44,S00222,U7199,Guest,Authentication,/login,POST,200,141
2026-08-07 20:55:54,S00222,U7199,Guest,Catalog,/products,GET,200,172
2026-08-07 20:56:04,S00222,U7199,Guest,Search,/search,GET,200,361
2026-08-07 20:56:08,S00222,U7199,Guest,Catalog,/product,GET,200,166
2026-08-07 20:56:13,S00222,U7199,Guest,Cart,/cart,POST,200,476
2026-08-07 20:56:29,S00222,U7199,Guest,Checkout,/checkout,POST,200,628
2026-08-07 20:56:46,S00222,U7199,Guest,Payment,/payment,POST,200,992
2026-08-07 20:12:03,S00223,U1813,Premium,Authentication,/login,POST,200,152
2026-08-07 20:12:19,S00223,U1813,Premium,Catalog,/products,GET,200,286
2026-08-07 20:12:23,S00223,U1813,Premium,Search,/search,GET,200,227
2026-08-07 20:12:31,S00223,U1813,Premium,Catalog,/product,GET,200,207
2026-08-07 20:12:48,S00223,U1813,Premium,Cart,/cart,POST,200,340
2026-08-07 20:12:51,S00223,U1813,Premium,Checkout,/checkout,POST,200,688
2026-08-07 20:12:57,S00223,U1813,Premium,Payment,/payment,POST,200,857
2026-08-07 20:24:20,S00224,U2169,Premium,Authentication,/login,POST,200,144
2026-08-07 20:24:22,S00224,U2169,Premium,Catalog,/products,GET,500,131
2026-08-07 20:24:31,S00224,U2169,Premium,Search,/search,GET,200,347
2026-08-07 20:24:47,S00224,U2169,Premium,Catalog,/product,GET,200,183
2026-08-07 20:24:50,S00224,U2169,Premium,Cart,/cart,POST,200,251
2026-08-07 20:24:55,S00224,U2169,Premium,Checkout,/checkout,POST,200,883
2026-08-07 20:25:03,S00224,U2169,Premium,Payment,/payment,POST,200,1284
2026-08-07 20:03:51,S00225,U6293,Guest,Authentication,/login,POST,200,220
2026-08-07 20:04:01,S00225,U6293,Guest,Catalog,/products,GET,200,223
2026-08-07 20:04:09,S00225,U6293,Guest,Search,/search,GET,200,334
2026-08-07 20:04:17,S00225,U6293,Guest,Catalog,/product,GET,200,148
2026-08-07 20:04:32,S00225,U6293,Guest,Cart,/cart,POST,200,316
2026-08-07 20:04:42,S00225,U6293,Guest,Checkout,/checkout,POST,200,472
2026-08-07 20:04:51,S00225,U6293,Guest,Payment,/payment,POST,404,809
2026-08-07 20:32:03,S00226,U3539,Buyer,Homepage,/homepage,GET,200,30
2026-08-07 20:32:15,S00226,U3539,Buyer,Catalog,/products,GET,200,294
2026-08-07 20:32:18,S00226,U3539,Buyer,Search,/search,GET,200,332
2026-08-07 20:32:23,S00226,U3539,Buyer,Homepage,/exit,GET,200,24
2026-08-07 20:01:00,S00227,U6690,Buyer,Homepage,/homepage,GET,200,64
2026-08-07 20:01:06,S00227,U6690,Buyer,Catalog,/products,GET,200,164
2026-08-07 20:01:23,S00227,U6690,Buyer,Search,/search,GET,200,374
2026-08-07 20:01:40,S00227,U6690,Buyer,Homepage,/exit,GET,200,26
2026-08-07 21:56:33,S00228,U6303,Premium,Authentication,/login,POST,200,121
2026-08-07 21:56:39,S00228,U6303,Premium,Catalog,/products,GET,200,215
2026-08-07 21:56:49,S00228,U6303,Premium,Search,/search,GET,200,427
2026-08-07 21:56:51,S00228,U6303,Premium,Catalog,/product,GET,200,318
2026-08-07 21:57:05,S00228,U6303,Premium,Cart,/cart,POST,200,244
2026-08-07 21:57:18,S00228,U6303,Premium,Checkout,/checkout,POST,200,594
2026-08-07 21:57:22,S00228,U6303,Premium,Payment,/payment,POST,404,1474
2026-08-07 21:42:38,S00229,U4110,Premium,Authentication,/login,POST,200,119
2026-08-07 21:42:50,S00229,U4110,Premium,Catalog,/products,GET,200,204
2026-08-07 21:42:55,S00229,U4110,Premium,Search,/search,GET,200,199
2026-08-07 21:42:59,S00229,U4110,Premium,Catalog,/product,GET,200,131
2026-08-07 21:43:05,S00229,U4110,Premium,Cart,/cart,POST,200,241
2026-08-07 21:43:13,S00229,U4110,Premium,Checkout,/checkout,POST,200,459
2026-08-07 21:43:18,S00229,U4110,Premium,Payment,/payment,POST,200,832
2026-08-07 21:18:41,S00230,U9026,Premium,Authentication,/login,POST,200,145
2026-08-07 21:18:50,S00230,U9026,Premium,Catalog,/products,GET,200,255
2026-08-07 21:18:52,S00230,U9026,Premium,Search,/search,GET,200,256
2026-08-07 21:18:56,S00230,U9026,Premium,Catalog,/product,GET,200,239
2026-08-07 21:18:59,S00230,U9026,Premium,Cart,/cart,POST,200,334
2026-08-07 21:19:14,S00230,U9026,Premium,Checkout,/checkout,POST,200,727
2026-08-07 21:19:17,S00230,U9026,Premium,Payment,/payment,POST,200,1643
2026-08-07 20:39:35,S00231,U1666,Premium,Authentication,/login,POST,200,99
2026-08-07 20:39:53,S00231,U1666,Premium,Catalog,/products,GET,200,124
2026-08-07 20:40:02,S00231,U1666,Premium,Search,/search,GET,200,422
2026-08-07 20:40:10,S00231,U1666,Premium,Catalog,/product,GET,200,254
2026-08-07 20:40:17,S00231,U1666,Premium,Cart,/cart,POST,200,435
2026-08-07 20:40:32,S00231,U1666,Premium,Checkout,/checkout,POST,200,458
2026-08-07 20:40:45,S00231,U1666,Premium,Payment,/payment,POST,200,1490
2026-08-07 21:13:11,S00232,U2705,Guest,Homepage,/homepage,GET,200,45
2026-08-07 21:13:18,S00232,U2705,Guest,Catalog,/products,GET,503,236
2026-08-07 21:13:34,S00232,U2705,Guest,Search,/search,GET,200,330
2026-08-07 21:13:46,S00232,U2705,Guest,Homepage,/exit,GET,200,47
2026-08-07 21:12:35,S00233,U6299,Premium,Authentication,/login,POST,200,134
2026-08-07 21:12:45,S00233,U6299,Premium,Catalog,/products,GET,404,192
2026-08-07 21:13:01,S00233,U6299,Premium,Search,/search,GET,200,353
2026-08-07 21:13:04,S00233,U6299,Premium,Catalog,/product,GET,200,192
2026-08-07 21:13:22,S00233,U6299,Premium,Cart,/cart,POST,503,219
2026-08-07 21:13:33,S00233,U6299,Premium,Checkout,/checkout,POST,200,356
2026-08-07 21:13:42,S00233,U6299,Premium,Payment,/payment,POST,200,1019
2026-08-07 21:16:00,S00234,U5521,Premium,Authentication,/login,POST,200,119
2026-08-07 21:16:16,S00234,U5521,Premium,Catalog,/products,GET,200,191
2026-08-07 21:16:26,S00234,U5521,Premium,Search,/search,GET,200,337
2026-08-07 21:16:35,S00234,U5521,Premium,Catalog,/product,GET,200,179
2026-08-07 21:16:46,S00234,U5521,Premium,Cart,/cart,POST,200,197
2026-08-07 21:16:54,S00234,U5521,Premium,Checkout,/checkout,POST,200,429
2026-08-07 21:17:11,S00234,U5521,Premium,Payment,/payment,POST,200,977
2026-08-07 21:16:46,S00235,U5921,Guest,Homepage,/homepage,GET,200,44
2026-08-07 21:16:49,S00235,U5921,Guest,Catalog,/products,GET,200,297
2026-08-07 21:17:04,S00235,U5921,Guest,Search,/search,GET,200,363
2026-08-07 21:17:09,S00235,U5921,Guest,Homepage,/exit,GET,200,47
2026-08-07 20:03:43,S00236,U7266,Guest,Authentication,/login,POST,200,161
2026-08-07 20:03:49,S00236,U7266,Guest,Catalog,/products,GET,200,183
2026-08-07 20:03:58,S00236,U7266,Guest,Search,/search,GET,200,228
2026-08-07 20:04:12,S00236,U7266,Guest,Catalog,/product,GET,200,234
2026-08-07 20:04:30,S00236,U7266,Guest,Cart,/cart,POST,200,196
2026-08-07 20:04:41,S00236,U7266,Guest,Checkout,/checkout,POST,200,753
2026-08-07 20:04:53,S00236,U7266,Guest,Payment,/payment,POST,200,884
2026-08-07 20:52:30,S00237,U9980,Buyer,Authentication,/login,POST,200,208
2026-08-07 20:52:36,S00237,U9980,Buyer,Catalog,/products,GET,200,295
2026-08-07 20:52:44,S00237,U9980,Buyer,Search,/search,GET,200,399
2026-08-07 20:52:52,S00237,U9980,Buyer,Catalog,/product,GET,200,263
2026-08-07 20:53:10,S00237,U9980,Buyer,Cart,/cart,POST,200,276
2026-08-07 20:53:20,S00237,U9980,Buyer,Checkout,/checkout,POST,200,790
2026-08-07 20:53:24,S00237,U9980,Buyer,Payment,/payment,POST,200,915
2026-08-07 20:45:08,S00238,U6984,Buyer,Authentication,/login,POST,200,86
2026-08-07 20:45:15,S00238,U6984,Buyer,Catalog,/products,GET,200,189
2026-08-07 20:45:31,S00238,U6984,Buyer,Search,/search,GET,200,224
2026-08-07 20:45:40,S00238,U6984,Buyer,Catalog,/product,GET,200,171
2026-08-07 20:45:46,S00238,U6984,Buyer,Cart,/cart,POST,200,193
2026-08-07 20:45:49,S00238,U6984,Buyer,Checkout,/checkout,POST,200,598
2026-08-07 20:45:55,S00238,U6984,Buyer,Payment,/payment,POST,200,1689
2026-08-07 20:13:17,S00239,U1225,Buyer,Authentication,/login,POST,200,158
2026-08-07 20:13:19,S00239,U1225,Buyer,Catalog,/products,GET,200,184
2026-08-07 20:13:27,S00239,U1225,Buyer,Search,/search,GET,200,254
2026-08-07 20:13:37,S00239,U1225,Buyer,Catalog,/product,GET,200,260
2026-08-07 20:13:43,S00239,U1225,Buyer,Cart,/cart,POST,200,492
2026-08-07 20:14:01,S00239,U1225,Buyer,Checkout,/checkout,POST,200,394
2026-08-07 20:14:04,S00239,U1225,Buyer,Payment,/payment,POST,200,1090
2026-08-07 19:59:14,S00240,U1869,Buyer,Authentication,/login,POST,200,97
2026-08-07 19:59:24,S00240,U1869,Buyer,Catalog,/products,GET,200,269
2026-08-07 19:59:37,S00240,U1869,Buyer,Search,/search,GET,200,205
2026-08-07 19:59:51,S00240,U1869,Buyer,Catalog,/product,GET,500,179
2026-08-07 20:00:09,S00240,U1869,Buyer,Cart,/cart,POST,200,200
2026-08-07 20:00:26,S00240,U1869,Buyer,Checkout,/checkout,POST,200,894
2026-08-07 20:00:34,S00240,U1869,Buyer,Payment,/payment,POST,404,1312
2026-08-07 20:39:43,S00241,U1651,Guest,Authentication,/login,POST,200,165
2026-08-07 20:39:50,S00241,U1651,Guest,Orders,/orders,GET,200,189
2026-08-07 20:40:03,S00241,U1651,Guest,Orders,/track-order,GET,200,190
2026-08-07 20:40:12,S00241,U1651,Guest,Authentication,/logout,GET,200,104
2026-08-07 21:49:21,S00242,U5221,Buyer,Authentication,/login,POST,200,87
2026-08-07 21:49:31,S00242,U5221,Buyer,Orders,/orders,GET,200,295
2026-08-07 21:49:45,S00242,U5221,Buyer,Orders,/track-order,GET,200,135
2026-08-07 21:49:59,S00242,U5221,Buyer,Authentication,/logout,GET,404,106
2026-08-07 20:56:19,S00243,U7837,Guest,Authentication,/login,POST,200,159
2026-08-07 20:56:31,S00243,U7837,Guest,Catalog,/products,GET,200,214
2026-08-07 20:56:39,S00243,U7837,Guest,Search,/search,GET,200,220
2026-08-07 20:56:47,S00243,U7837,Guest,Catalog,/product,GET,200,340
2026-08-07 20:57:05,S00243,U7837,Guest,Cart,/cart,POST,200,219
2026-08-07 20:57:11,S00243,U7837,Guest,Checkout,/checkout,POST,200,511
2026-08-07 20:57:16,S00243,U7837,Guest,Payment,/payment,POST,200,988
2026-08-07 20:54:37,S00244,U1483,Buyer,Authentication,/login,POST,200,185
2026-08-07 20:54:47,S00244,U1483,Buyer,Orders,/orders,GET,200,257
2026-08-07 20:54:52,S00244,U1483,Buyer,Orders,/track-order,GET,200,133
2026-08-07 20:55:02,S00244,U1483,Buyer,Authentication,/logout,GET,200,117
2026-08-07 20:47:09,S00245,U4804,Guest,Authentication,/login,POST,200,100
2026-08-07 20:47:26,S00245,U4804,Guest,Catalog,/products,GET,200,134
2026-08-07 20:47:43,S00245,U4804,Guest,Search,/search,GET,200,341
2026-08-07 20:47:57,S00245,U4804,Guest,Catalog,/product,GET,200,245
2026-08-07 20:48:04,S00245,U4804,Guest,Cart,/cart,POST,200,248
2026-08-07 20:48:19,S00245,U4804,Guest,Checkout,/checkout,POST,200,365
2026-08-07 20:48:34,S00245,U4804,Guest,Payment,/payment,POST,200,1027
2026-08-07 20:58:04,S00246,U4351,Guest,Authentication,/login,POST,200,205
2026-08-07 20:58:20,S00246,U4351,Guest,Catalog,/products,GET,200,163
2026-08-07 20:58:23,S00246,U4351,Guest,Search,/search,GET,200,344
2026-08-07 20:58:37,S00246,U4351,Guest,Catalog,/product,GET,200,276
2026-08-07 20:58:55,S00246,U4351,Guest,Cart,/cart,POST,200,478
2026-08-07 20:58:58,S00246,U4351,Guest,Checkout,/checkout,POST,200,883
2026-08-07 20:59:14,S00246,U4351,Guest,Payment,/payment,POST,200,1646
2026-08-07 21:38:28,S00247,U9498,Premium,Authentication,/login,POST,200,90
2026-08-07 21:38:46,S00247,U9498,Premium,Catalog,/products,GET,200,295
2026-08-07 21:38:49,S00247,U9498,Premium,Search,/search,GET,200,247
2026-08-07 21:39:03,S00247,U9498,Premium,Catalog,/product,GET,200,346
2026-08-07 21:39:14,S00247,U9498,Premium,Cart,/cart,POST,200,386
2026-08-07 21:39:25,S00247,U9498,Premium,Checkout,/checkout,POST,200,405
2026-08-07 21:39:31,S00247,U9498,Premium,Payment,/payment,POST,200,1274
2026-08-07 20:22:38,S00248,U2481,Premium,Authentication,/login,POST,200,219
2026-08-07 20:22:53,S00248,U2481,Premium,Catalog,/products,GET,200,182
2026-08-07 20:23:00,S00248,U2481,Premium,Search,/search,GET,200,382
2026-08-07 20:23:08,S00248,U2481,Premium,Catalog,/product,GET,200,345
2026-08-07 20:23:18,S00248,U2481,Premium,Cart,/cart,POST,200,315
2026-08-07 20:23:25,S00248,U2481,Premium,Checkout,/checkout,POST,200,476
2026-08-07 20:23:41,S00248,U2481,Premium,Payment,/payment,POST,200,1449
2026-08-07 21:07:57,S00249,U7292,Premium,Homepage,/homepage,GET,200,59
2026-08-07 21:08:11,S00249,U7292,Premium,Catalog,/products,GET,200,240
2026-08-07 21:08:18,S00249,U7292,Premium,Search,/search,GET,200,321
2026-08-07 21:08:24,S00249,U7292,Premium,Homepage,/exit,GET,200,25
2026-08-07 21:37:47,S00250,U1840,Buyer,Authentication,/login,POST,200,194
2026-08-07 21:37:54,S00250,U1840,Buyer,Catalog,/products,GET,200,130
2026-08-07 21:38:02,S00250,U1840,Buyer,Search,/search,GET,200,151
2026-08-07 21:38:12,S00250,U1840,Buyer,Catalog,/product,GET,200,123
2026-08-07 21:38:29,S00250,U1840,Buyer,Cart,/cart,POST,200,428
2026-08-07 21:38:46,S00250,U1840,Buyer,Checkout,/checkout,POST,200,593
2026-08-07 21:39:03,S00250,U1840,Buyer,Payment,/payment,POST,200,1264
2026-08-07 20:36:04,S00251,U1107,Guest,Authentication,/login,POST,200,133
2026-08-07 20:36:10,S00251,U1107,Guest,Orders,/orders,GET,200,208
2026-08-07 20:36:13,S00251,U1107,Guest,Orders,/track-order,GET,200,137
2026-08-07 20:36:24,S00251,U1107,Guest,Authentication,/logout,GET,200,82
2026-08-07 20:20:07,S00252,U2784,Buyer,Authentication,/login,POST,200,152
2026-08-07 20:20:14,S00252,U2784,Buyer,Catalog,/products,GET,200,216
2026-08-07 20:20:27,S00252,U2784,Buyer,Cart,/cart,POST,200,168
2026-08-07 20:20:38,S00252,U2784,Buyer,Checkout,/checkout,POST,200,680
2026-08-07 20:20:52,S00252,U2784,Buyer,Orders,/cancel-order,POST,200,384
2026-08-07 20:20:56,S00252,U2784,Buyer,Authentication,/logout,GET,200,77
2026-08-07 21:09:43,S00253,U5496,Buyer,Authentication,/login,POST,200,133
2026-08-07 21:09:46,S00253,U5496,Buyer,Catalog,/products,GET,200,127
2026-08-07 21:10:04,S00253,U5496,Buyer,Search,/search,GET,200,194
2026-08-07 21:10:15,S00253,U5496,Buyer,Catalog,/product,GET,200,229
2026-08-07 21:10:27,S00253,U5496,Buyer,Cart,/cart,POST,200,282
2026-08-07 21:10:40,S00253,U5496,Buyer,Checkout,/checkout,POST,200,482
2026-08-07 21:10:57,S00253,U5496,Buyer,Payment,/payment,POST,200,1332
2026-08-07 20:29:52,S00254,U9069,Guest,Authentication,/login,POST,500,154
2026-08-07 20:29:54,S00254,U9069,Guest,Orders,/orders,GET,200,240
2026-08-07 20:29:59,S00254,U9069,Guest,Orders,/track-order,GET,200,153
2026-08-07 20:30:14,S00254,U9069,Guest,Authentication,/logout,GET,200,92
2026-08-07 21:32:18,S00255,U4478,Guest,Authentication,/login,POST,200,152
2026-08-07 21:32:22,S00255,U4478,Guest,Catalog,/products,GET,200,178
2026-08-07 21:32:34,S00255,U4478,Guest,Search,/search,GET,200,153
2026-08-07 21:32:46,S00255,U4478,Guest,Catalog,/product,GET,200,207
2026-08-07 21:32:48,S00255,U4478,Guest,Cart,/cart,POST,200,239
2026-08-07 21:33:00,S00255,U4478,Guest,Checkout,/checkout,POST,200,840
2026-08-07 21:33:03,S00255,U4478,Guest,Payment,/payment,POST,200,1461
2026-08-07 21:01:14,S00256,U8546,Premium,Authentication,/login,POST,200,185
2026-08-07 21:01:17,S00256,U8546,Premium,Orders,/orders,GET,200,446
2026-08-07 21:01:29,S00256,U8546,Premium,Orders,/track-order,GET,200,242
2026-08-07 21:01:37,S00256,U8546,Premium,Authentication,/logout,GET,200,113
2026-08-07 20:02:21,S00257,U2084,Guest,Authentication,/login,POST,500,166
2026-08-07 20:02:28,S00257,U2084,Guest,Catalog,/products,GET,200,246
2026-08-07 20:02:35,S00257,U2084,Guest,Search,/search,GET,200,209
2026-08-07 20:02:46,S00257,U2084,Guest,Catalog,/product,GET,200,300
2026-08-07 20:02:49,S00257,U2084,Guest,Cart,/cart,POST,200,289
2026-08-07 20:03:06,S00257,U2084,Guest,Checkout,/checkout,POST,200,593
2026-08-07 20:03:17,S00257,U2084,Guest,Payment,/payment,POST,200,1021
2026-08-07 21:44:17,S00258,U2838,Buyer,Homepage,/homepage,GET,200,32
2026-08-07 21:44:33,S00258,U2838,Buyer,Catalog,/products,GET,200,229
2026-08-07 21:44:50,S00258,U2838,Buyer,Search,/search,GET,200,406
2026-08-07 21:45:02,S00258,U2838,Buyer,Homepage,/exit,GET,200,49
2026-08-07 21:57:07,S00259,U6084,Buyer,Authentication,/login,POST,200,105
2026-08-07 21:57:25,S00259,U6084,Buyer,Catalog,/products,GET,503,273
2026-08-07 21:57:33,S00259,U6084,Buyer,Search,/search,GET,200,168
2026-08-07 21:57:51,S00259,U6084,Buyer,Catalog,/product,GET,200,149
2026-08-07 21:57:54,S00259,U6084,Buyer,Cart,/cart,POST,200,454
2026-08-07 21:58:06,S00259,U6084,Buyer,Checkout,/checkout,POST,200,828
2026-08-07 21:58:11,S00259,U6084,Buyer,Payment,/payment,POST,200,1333
2026-08-07 21:25:19,S00260,U1368,Premium,Homepage,/homepage,GET,200,77
2026-08-07 21:25:27,S00260,U1368,Premium,Catalog,/products,GET,200,149
2026-08-07 21:25:39,S00260,U1368,Premium,Search,/search,GET,200,375
2026-08-07 21:25:49,S00260,U1368,Premium,Homepage,/exit,GET,200,24
2026-08-07 20:12:04,S00261,U1249,Premium,Authentication,/login,POST,200,132
2026-08-07 20:12:16,S00261,U1249,Premium,Catalog,/products,GET,200,169
2026-08-07 20:12:27,S00261,U1249,Premium,Search,/search,GET,200,443
2026-08-07 20:12:31,S00261,U1249,Premium,Catalog,/product,GET,200,199
2026-08-07 20:12:43,S00261,U1249,Premium,Cart,/cart,POST,200,426
2026-08-07 20:12:49,S00261,U1249,Premium,Checkout,/checkout,POST,200,379
2026-08-07 20:12:52,S00261,U1249,Premium,Payment,/payment,POST,200,908
2026-08-07 21:19:29,S00262,U7987,Buyer,Authentication,/login,POST,200,194
2026-08-07 21:19:40,S00262,U7987,Buyer,Catalog,/products,GET,200,185
2026-08-07 21:19:44,S00262,U7987,Buyer,Search,/search,GET,200,388
2026-08-07 21:19:48,S00262,U7987,Buyer,Catalog,/product,GET,200,328
2026-08-07 21:20:04,S00262,U7987,Buyer,Cart,/cart,POST,200,199
2026-08-07 21:20:20,S00262,U7987,Buyer,Checkout,/checkout,POST,200,831
2026-08-07 21:20:29,S00262,U7987,Buyer,Payment,/payment,POST,200,947
2026-08-07 21:28:55,S00263,U6954,Buyer,Authentication,/login,POST,200,164
2026-08-07 21:29:07,S00263,U6954,Buyer,Catalog,/products,GET,200,216
2026-08-07 21:29:11,S00263,U6954,Buyer,Search,/search,GET,200,393
2026-08-07 21:29:28,S00263,U6954,Buyer,Catalog,/product,GET,200,238
2026-08-07 21:29:39,S00263,U6954,Buyer,Cart,/cart,POST,200,328
2026-08-07 21:29:45,S00263,U6954,Buyer,Checkout,/checkout,POST,200,870
2026-08-07 21:29:50,S00263,U6954,Buyer,Payment,/payment,POST,200,1133
2026-08-07 21:18:43,S00264,U5949,Premium,Authentication,/login,POST,200,185
2026-08-07 21:18:52,S00264,U5949,Premium,Catalog,/products,GET,200,240
2026-08-07 21:19:09,S00264,U5949,Premium,Search,/search,GET,200,346
2026-08-07 21:19:17,S00264,U5949,Premium,Catalog,/product,GET,200,328
2026-08-07 21:19:32,S00264,U5949,Premium,Cart,/cart,POST,200,372
2026-08-07 21:19:44,S00264,U5949,Premium,Checkout,/checkout,POST,200,591
2026-08-07 21:19:48,S00264,U5949,Premium,Payment,/payment,POST,200,1557
2026-08-07 20:42:31,S00265,U2873,Premium,Authentication,/login,POST,200,104
2026-08-07 20:42:38,S00265,U2873,Premium,Catalog,/products,GET,404,178
2026-08-07 20:42:42,S00265,U2873,Premium,Search,/search,GET,200,205
2026-08-07 20:42:56,S00265,U2873,Premium,Catalog,/product,GET,200,203
2026-08-07 20:42:59,S00265,U2873,Premium,Cart,/cart,POST,200,196
2026-08-07 20:43:05,S00265,U2873,Premium,Checkout,/checkout,POST,200,350
2026-08-07 20:43:11,S00265,U2873,Premium,Payment,/payment,POST,200,1263
2026-08-07 21:57:53,S00266,U8326,Guest,Authentication,/login,POST,200,161
2026-08-07 21:58:04,S00266,U8326,Guest,Catalog,/products,GET,200,211
2026-08-07 21:58:17,S00266,U8326,Guest,Search,/search,GET,200,195
2026-08-07 21:58:35,S00266,U8326,Guest,Catalog,/product,GET,200,223
2026-08-07 21:58:46,S00266,U8326,Guest,Cart,/cart,POST,200,181
2026-08-07 21:58:49,S00266,U8326,Guest,Checkout,/checkout,POST,200,350
2026-08-07 21:59:02,S00266,U8326,Guest,Payment,/payment,POST,200,912
2026-08-07 20:51:55,S00267,U4854,Buyer,Homepage,/homepage,GET,200,60
2026-08-07 20:52:09,S00267,U4854,Buyer,Catalog,/products,GET,200,203
2026-08-07 20:52:17,S00267,U4854,Buyer,Search,/search,GET,200,238
2026-08-07 20:52:25,S00267,U4854,Buyer,Homepage,/exit,GET,200,37
2026-08-07 21:57:15,S00268,U7835,Guest,Authentication,/login,POST,200,112
2026-08-07 21:57:19,S00268,U7835,Guest,Catalog,/products,GET,200,265
2026-08-07 21:57:36,S00268,U7835,Guest,Search,/search,GET,500,373
2026-08-07 21:57:42,S00268,U7835,Guest,Catalog,/product,GET,200,141
2026-08-07 21:57:57,S00268,U7835,Guest,Cart,/cart,POST,200,383
2026-08-07 21:58:12,S00268,U7835,Guest,Checkout,/checkout,POST,200,534
2026-08-07 21:58:27,S00268,U7835,Guest,Payment,/payment,POST,200,1365
2026-08-07 21:20:38,S00269,U6821,Guest,Authentication,/login,POST,200,81
2026-08-07 21:20:47,S00269,U6821,Guest,Catalog,/products,GET,200,282
2026-08-07 21:21:02,S00269,U6821,Guest,Search,/search,GET,200,429
2026-08-07 21:21:05,S00269,U6821,Guest,Catalog,/product,GET,200,129
2026-08-07 21:21:18,S00269,U6821,Guest,Cart,/cart,POST,200,207
2026-08-07 21:21:22,S00269,U6821,Guest,Checkout,/checkout,POST,200,495
2026-08-07 21:21:40,S00269,U6821,Guest,Payment,/payment,POST,500,1679
2026-08-07 21:21:23,S00270,U8617,Premium,Authentication,/login,POST,200,102
2026-08-07 21:21:27,S00270,U8617,Premium,Catalog,/products,GET,200,275
2026-08-07 21:21:38,S00270,U8617,Premium,Search,/search,GET,200,177
2026-08-07 21:21:40,S00270,U8617,Premium,Catalog,/product,GET,200,240
2026-08-07 21:21:57,S00270,U8617,Premium,Cart,/cart,POST,200,443
2026-08-07 21:22:12,S00270,U8617,Premium,Checkout,/checkout,POST,404,711
2026-08-07 21:22:23,S00270,U8617,Premium,Payment,/payment,POST,200,1096
2026-08-07 21:17:02,S00271,U5267,Guest,Authentication,/login,POST,200,123
2026-08-07 21:17:13,S00271,U5267,Guest,Catalog,/products,GET,200,288
2026-08-07 21:17:24,S00271,U5267,Guest,Search,/search,GET,200,398
2026-08-07 21:17:42,S00271,U5267,Guest,Catalog,/product,GET,200,139
2026-08-07 21:17:52,S00271,U5267,Guest,Cart,/cart,POST,200,279
2026-08-07 21:18:02,S00271,U5267,Guest,Checkout,/checkout,POST,200,631
2026-08-07 21:18:04,S00271,U5267,Guest,Payment,/payment,POST,200,1559
2026-08-07 21:48:23,S00272,U3476,Premium,Authentication,/login,POST,200,124
2026-08-07 21:48:32,S00272,U3476,Premium,Catalog,/products,GET,200,224
2026-08-07 21:48:50,S00272,U3476,Premium,Search,/search,GET,200,166
2026-08-07 21:48:54,S00272,U3476,Premium,Catalog,/product,GET,200,157
2026-08-07 21:49:00,S00272,U3476,Premium,Cart,/cart,POST,200,403
2026-08-07 21:49:15,S00272,U3476,Premium,Checkout,/checkout,POST,200,742
2026-08-07 21:49:31,S00272,U3476,Premium,Payment,/payment,POST,200,1543
2026-08-07 21:41:14,S00273,U6653,Guest,Authentication,/login,POST,200,109
2026-08-07 21:41:30,S00273,U6653,Guest,Catalog,/products,GET,200,202
2026-08-07 21:41:47,S00273,U6653,Guest,Search,/search,GET,200,422
2026-08-07 21:42:01,S00273,U6653,Guest,Catalog,/product,GET,200,241
2026-08-07 21:42:19,S00273,U6653,Guest,Cart,/cart,POST,200,372
2026-08-07 21:42:35,S00273,U6653,Guest,Checkout,/checkout,POST,200,741
2026-08-07 21:42:53,S00273,U6653,Guest,Payment,/payment,POST,404,1499
2026-08-07 21:53:22,S00274,U9704,Premium,Authentication,/login,POST,200,190
2026-08-07 21:53:32,S00274,U9704,Premium,Catalog,/products,GET,200,185
2026-08-07 21:53:37,S00274,U9704,Premium,Search,/search,GET,200,280
2026-08-07 21:53:51,S00274,U9704,Premium,Catalog,/product,GET,200,238
2026-08-07 21:54:00,S00274,U9704,Premium,Cart,/cart,POST,200,494
2026-08-07 21:54:08,S00274,U9704,Premium,Checkout,/checkout,POST,200,882
2026-08-07 21:54:15,S00274,U9704,Premium,Payment,/payment,POST,200,1120
2026-08-07 21:09:48,S00275,U2113,Guest,Authentication,/login,POST,200,106
2026-08-07 21:10:01,S00275,U2113,Guest,Catalog,/products,GET,200,156
2026-08-07 21:10:11,S00275,U2113,Guest,Search,/search,GET,200,248
2026-08-07 21:10:15,S00275,U2113,Guest,Catalog,/product,GET,200,134
2026-08-07 21:10:23,S00275,U2113,Guest,Cart,/cart,POST,200,456
2026-08-07 21:10:28,S00275,U2113,Guest,Checkout,/checkout,POST,200,438
2026-08-07 21:10:34,S00275,U2113,Guest,Payment,/payment,POST,200,1184
2026-08-07 20:38:19,S00276,U2816,Premium,Authentication,/login,POST,200,199
2026-08-07 20:38:23,S00276,U2816,Premium,Catalog,/products,GET,200,263
2026-08-07 20:38:33,S00276,U2816,Premium,Search,/search,GET,200,368
2026-08-07 20:38:45,S00276,U2816,Premium,Catalog,/product,GET,200,185
2026-08-07 20:38:49,S00276,U2816,Premium,Cart,/cart,POST,200,291
2026-08-07 20:39:03,S00276,U2816,Premium,Checkout,/checkout,POST,200,747
2026-08-07 20:39:06,S00276,U2816,Premium,Payment,/payment,POST,404,1064
2026-08-07 20:25:29,S00277,U3915,Buyer,Authentication,/login,POST,200,180
2026-08-07 20:25:46,S00277,U3915,Buyer,Catalog,/products,GET,200,127
2026-08-07 20:26:01,S00277,U3915,Buyer,Search,/search,GET,200,261
2026-08-07 20:26:06,S00277,U3915,Buyer,Catalog,/product,GET,200,233
2026-08-07 20:26:11,S00277,U3915,Buyer,Cart,/cart,POST,200,167
2026-08-07 20:26:21,S00277,U3915,Buyer,Checkout,/checkout,POST,200,806
2026-08-07 20:26:38,S00277,U3915,Buyer,Payment,/payment,POST,200,952
2026-08-07 20:18:47,S00278,U1619,Premium,Authentication,/login,POST,200,164
2026-08-07 20:18:49,S00278,U1619,Premium,Catalog,/products,GET,200,231
2026-08-07 20:19:06,S00278,U1619,Premium,Search,/search,GET,200,394
2026-08-07 20:19:10,S00278,U1619,Premium,Catalog,/product,GET,200,258
2026-08-07 20:19:24,S00278,U1619,Premium,Cart,/cart,POST,200,396
2026-08-07 20:19:37,S00278,U1619,Premium,Checkout,/checkout,POST,200,691
2026-08-07 20:19:51,S00278,U1619,Premium,Payment,/payment,POST,200,856
2026-08-07 20:44:31,S00279,U6985,Premium,Authentication,/login,POST,200,100
2026-08-07 20:44:42,S00279,U6985,Premium,Orders,/orders,GET,200,283
2026-08-07 20:44:45,S00279,U6985,Premium,Orders,/track-order,GET,200,198
2026-08-07 20:44:56,S00279,U6985,Premium,Authentication,/logout,GET,200,89
2026-08-07 20:57:53,S00280,U8970,Guest,Authentication,/login,POST,200,128
2026-08-07 20:58:01,S00280,U8970,Guest,Orders,/orders,GET,200,192
2026-08-07 20:58:10,S00280,U8970,Guest,Orders,/track-order,GET,200,225
2026-08-07 20:58:21,S00280,U8970,Guest,Authentication,/logout,GET,200,103
2026-08-07 20:44:12,S00281,U1268,Guest,Authentication,/login,POST,200,90
2026-08-07 20:44:20,S00281,U1268,Guest,Catalog,/products,GET,200,267
2026-08-07 20:44:36,S00281,U1268,Guest,Search,/search,GET,200,424
2026-08-07 20:44:45,S00281,U1268,Guest,Catalog,/product,GET,200,138
2026-08-07 20:44:51,S00281,U1268,Guest,Cart,/cart,POST,200,400
2026-08-07 20:45:08,S00281,U1268,Guest,Checkout,/checkout,POST,200,396
2026-08-07 20:45:14,S00281,U1268,Guest,Payment,/payment,POST,200,814
2026-08-07 20:21:24,S00282,U6035,Guest,Authentication,/login,POST,200,96
2026-08-07 20:21:29,S00282,U6035,Guest,Catalog,/products,GET,200,129
2026-08-07 20:21:38,S00282,U6035,Guest,Search,/search,GET,200,182
2026-08-07 20:21:53,S00282,U6035,Guest,Catalog,/product,GET,200,206
2026-08-07 20:22:07,S00282,U6035,Guest,Cart,/cart,POST,200,316
2026-08-07 20:22:13,S00282,U6035,Guest,Checkout,/checkout,POST,200,679
2026-08-07 20:22:21,S00282,U6035,Guest,Payment,/payment,POST,200,1582
2026-08-07 20:17:23,S00283,U6496,Guest,Authentication,/login,POST,200,186
2026-08-07 20:17:36,S00283,U6496,Guest,Catalog,/products,GET,200,241
2026-08-07 20:17:45,S00283,U6496,Guest,Search,/search,GET,200,447
2026-08-07 20:17:50,S00283,U6496,Guest,Catalog,/product,GET,200,322
2026-08-07 20:18:04,S00283,U6496,Guest,Cart,/cart,POST,200,230
2026-08-07 20:18:21,S00283,U6496,Guest,Checkout,/checkout,POST,200,432
2026-08-07 20:18:28,S00283,U6496,Guest,Payment,/payment,POST,200,1748
2026-08-07 21:43:34,S00284,U7819,Premium,Homepage,/homepage,GET,200,50
2026-08-07 21:43:42,S00284,U7819,Premium,Catalog,/products,GET,200,136
2026-08-07 21:44:00,S00284,U7819,Premium,Search,/search,GET,200,380
2026-08-07 21:44:07,S00284,U7819,Premium,Homepage,/exit,GET,200,39
2026-08-07 21:23:43,S00285,U9190,Premium,Authentication,/login,POST,200,157
2026-08-07 21:23:45,S00285,U9190,Premium,Catalog,/products,GET,200,242
2026-08-07 21:23:50,S00285,U9190,Premium,Cart,/cart,POST,500,421
2026-08-07 21:24:03,S00285,U9190,Premium,Checkout,/checkout,POST,200,869
2026-08-07 21:24:11,S00285,U9190,Premium,Orders,/cancel-order,POST,200,491
2026-08-07 21:24:16,S00285,U9190,Premium,Authentication,/logout,GET,200,59
2026-08-07 20:03:59,S00286,U9151,Guest,Authentication,/login,POST,200,93
2026-08-07 20:04:10,S00286,U9151,Guest,Catalog,/products,GET,200,153
2026-08-07 20:04:22,S00286,U9151,Guest,Search,/search,GET,200,382
2026-08-07 20:04:25,S00286,U9151,Guest,Catalog,/product,GET,200,257
2026-08-07 20:04:27,S00286,U9151,Guest,Cart,/cart,POST,200,398
2026-08-07 20:04:31,S00286,U9151,Guest,Checkout,/checkout,POST,200,590
2026-08-07 20:04:43,S00286,U9151,Guest,Payment,/payment,POST,200,1229
2026-08-07 20:11:29,S00287,U4769,Guest,Authentication,/login,POST,200,140
2026-08-07 20:11:37,S00287,U4769,Guest,Catalog,/products,GET,200,196
2026-08-07 20:11:41,S00287,U4769,Guest,Search,/search,GET,200,391
2026-08-07 20:11:44,S00287,U4769,Guest,Catalog,/product,GET,200,347
2026-08-07 20:11:52,S00287,U4769,Guest,Cart,/cart,POST,200,462
2026-08-07 20:12:06,S00287,U4769,Guest,Checkout,/checkout,POST,200,732
2026-08-07 20:12:14,S00287,U4769,Guest,Payment,/payment,POST,200,1447
2026-08-07 21:32:36,S00288,U4313,Buyer,Authentication,/login,POST,200,95
2026-08-07 21:32:41,S00288,U4313,Buyer,Catalog,/products,GET,200,219
2026-08-07 21:32:48,S00288,U4313,Buyer,Search,/search,GET,200,325
2026-08-07 21:32:59,S00288,U4313,Buyer,Catalog,/product,GET,200,274
2026-08-07 21:33:06,S00288,U4313,Buyer,Cart,/cart,POST,500,445
2026-08-07 21:33:15,S00288,U4313,Buyer,Checkout,/checkout,POST,200,438
2026-08-07 21:33:33,S00288,U4313,Buyer,Payment,/payment,POST,200,1300
2026-08-07 21:37:46,S00289,U8757,Buyer,Authentication,/login,POST,200,189
2026-08-07 21:37:55,S00289,U8757,Buyer,Catalog,/products,GET,200,163
2026-08-07 21:38:04,S00289,U8757,Buyer,Search,/search,GET,200,226
2026-08-07 21:38:06,S00289,U8757,Buyer,Catalog,/product,GET,500,226
2026-08-07 21:38:09,S00289,U8757,Buyer,Cart,/cart,POST,200,390
2026-08-07 21:38:27,S00289,U8757,Buyer,Checkout,/checkout,POST,200,384
2026-08-07 21:38:41,S00289,U8757,Buyer,Payment,/payment,POST,200,1290
2026-08-07 21:14:21,S00290,U8412,Buyer,Authentication,/login,POST,200,83
2026-08-07 21:14:36,S00290,U8412,Buyer,Catalog,/products,GET,200,155
2026-08-07 21:14:47,S00290,U8412,Buyer,Search,/search,GET,200,272
2026-08-07 21:14:51,S00290,U8412,Buyer,Catalog,/product,GET,200,124
2026-08-07 21:15:02,S00290,U8412,Buyer,Cart,/cart,POST,200,232
2026-08-07 21:15:04,S00290,U8412,Buyer,Checkout,/checkout,POST,200,815
2026-08-07 21:15:10,S00290,U8412,Buyer,Payment,/payment,POST,200,1695
2026-08-07 21:24:34,S00291,U7068,Premium,Authentication,/login,POST,200,80
2026-08-07 21:24:38,S00291,U7068,Premium,Catalog,/products,GET,200,198
2026-08-07 21:24:50,S00291,U7068,Premium,Search,/search,GET,200,421
2026-08-07 21:25:05,S00291,U7068,Premium,Catalog,/product,GET,200,312
2026-08-07 21:25:13,S00291,U7068,Premium,Cart,/cart,POST,200,500
2026-08-07 21:25:25,S00291,U7068,Premium,Checkout,/checkout,POST,200,406
2026-08-07 21:25:38,S00291,U7068,Premium,Payment,/payment,POST,200,1709
2026-08-07 20:48:00,S00292,U6989,Buyer,Authentication,/login,POST,200,173
2026-08-07 20:48:04,S00292,U6989,Buyer,Catalog,/products,GET,200,243
2026-08-07 20:48:12,S00292,U6989,Buyer,Search,/search,GET,500,220
2026-08-07 20:48:21,S00292,U6989,Buyer,Catalog,/product,GET,200,258
2026-08-07 20:48:38,S00292,U6989,Buyer,Cart,/cart,POST,200,447
2026-08-07 20:48:46,S00292,U6989,Buyer,Checkout,/checkout,POST,200,580
2026-08-07 20:48:56,S00292,U6989,Buyer,Payment,/payment,POST,200,1315
2026-08-07 20:59:52,S00293,U1892,Guest,Authentication,/login,POST,200,204
2026-08-07 20:59:57,S00293,U1892,Guest,Catalog,/products,GET,200,220
2026-08-07 21:00:08,S00293,U1892,Guest,Search,/search,GET,200,381
2026-08-07 21:00:12,S00293,U1892,Guest,Catalog,/product,GET,200,168
2026-08-07 21:00:28,S00293,U1892,Guest,Cart,/cart,POST,200,194
2026-08-07 21:00:35,S00293,U1892,Guest,Checkout,/checkout,POST,404,645
2026-08-07 21:00:39,S00293,U1892,Guest,Payment,/payment,POST,200,911
2026-08-07 20:25:59,S00294,U3424,Buyer,Authentication,/login,POST,404,213
2026-08-07 20:26:01,S00294,U3424,Buyer,Catalog,/products,GET,200,175
2026-08-07 20:26:07,S00294,U3424,Buyer,Search,/search,GET,200,392
2026-08-07 20:26:23,S00294,U3424,Buyer,Catalog,/product,GET,200,308
2026-08-07 20:26:34,S00294,U3424,Buyer,Cart,/cart,POST,200,246
2026-08-07 20:26:43,S00294,U3424,Buyer,Checkout,/checkout,POST,200,882
2026-08-07 20:26:58,S00294,U3424,Buyer,Payment,/payment,POST,200,1392
2026-08-07 21:10:29,S00295,U8965,Premium,Authentication,/login,POST,200,220
2026-08-07 21:10:40,S00295,U8965,Premium,Catalog,/products,GET,200,245
2026-08-07 21:10:51,S00295,U8965,Premium,Search,/search,GET,200,237
2026-08-07 21:11:00,S00295,U8965,Premium,Catalog,/product,GET,200,243
2026-08-07 21:11:11,S00295,U8965,Premium,Cart,/cart,POST,200,174
2026-08-07 21:11:22,S00295,U8965,Premium,Checkout,/checkout,POST,404,816
2026-08-07 21:11:29,S00295,U8965,Premium,Payment,/payment,POST,200,1528
2026-08-07 21:29:04,S00296,U3873,Premium,Authentication,/login,POST,200,119
2026-08-07 21:29:09,S00296,U3873,Premium,Catalog,/products,GET,503,110
2026-08-07 21:29:15,S00296,U3873,Premium,Search,/search,GET,200,375
2026-08-07 21:29:22,S00296,U3873,Premium,Catalog,/product,GET,200,172
2026-08-07 21:29:25,S00296,U3873,Premium,Cart,/cart,POST,200,490
2026-08-07 21:29:38,S00296,U3873,Premium,Checkout,/checkout,POST,200,501
2026-08-07 21:29:45,S00296,U3873,Premium,Payment,/payment,POST,200,1346
2026-08-07 21:00:38,S00297,U7628,Buyer,Homepage,/homepage,GET,200,79
2026-08-07 21:00:40,S00297,U7628,Buyer,Catalog,/products,GET,200,289
2026-08-07 21:00:58,S00297,U7628,Buyer,Search,/search,GET,200,319
2026-08-07 21:01:09,S00297,U7628,Buyer,Homepage,/exit,GET,200,35
2026-08-07 21:37:59,S00298,U8243,Buyer,Authentication,/login,POST,200,202
2026-08-07 21:38:05,S00298,U8243,Buyer,Catalog,/products,GET,200,273
2026-08-07 21:38:16,S00298,U8243,Buyer,Search,/search,GET,200,162
2026-08-07 21:38:25,S00298,U8243,Buyer,Catalog,/product,GET,200,234
2026-08-07 21:38:37,S00298,U8243,Buyer,Cart,/cart,POST,200,178
2026-08-07 21:38:45,S00298,U8243,Buyer,Checkout,/checkout,POST,200,889
2026-08-07 21:38:55,S00298,U8243,Buyer,Payment,/payment,POST,200,1000
2026-08-07 21:05:03,S00299,U2431,Premium,Authentication,/login,POST,200,161
2026-08-07 21:05:21,S00299,U2431,Premium,Catalog,/products,GET,200,114
2026-08-07 21:05:34,S00299,U2431,Premium,Search,/search,GET,200,353
2026-08-07 21:05:49,S00299,U2431,Premium,Catalog,/product,GET,200,214
2026-08-07 21:05:51,S00299,U2431,Premium,Cart,/cart,POST,200,295
2026-08-07 21:06:02,S00299,U2431,Premium,Checkout,/checkout,POST,200,806
2026-08-07 21:06:06,S00299,U2431,Premium,Payment,/payment,POST,200,1020
2026-08-07 21:48:06,S00300,U7809,Buyer,Authentication,/login,POST,200,188
2026-08-07 21:48:21,S00300,U7809,Buyer,Catalog,/products,GET,200,135
2026-08-07 21:48:25,S00300,U7809,Buyer,Search,/search,GET,200,223
2026-08-07 21:48:42,S00300,U7809,Buyer,Catalog,/product,GET,200,342
2026-08-07 21:48:54,S00300,U7809,Buyer,Cart,/cart,POST,200,183
2026-08-07 21:49:08,S00300,U7809,Buyer,Checkout,/checkout,POST,200,440
2026-08-07 21:49:18,S00300,U7809,Buyer,Payment,/payment,POST,200,1224
2026-08-07 20:50:13,S00301,U3243,Guest,Authentication,/login,POST,200,154
2026-08-07 20:50:16,S00301,U3243,Guest,Catalog,/products,GET,200,177
2026-08-07 20:50:27,S00301,U3243,Guest,Search,/search,GET,200,402
2026-08-07 20:50:43,S00301,U3243,Guest,Catalog,/product,GET,200,177
2026-08-07 20:50:45,S00301,U3243,Guest,Cart,/cart,POST,200,228
2026-08-07 20:51:02,S00301,U3243,Guest,Checkout,/checkout,POST,200,477
2026-08-07 20:51:13,S00301,U3243,Guest,Payment,/payment,POST,200,1227
2026-08-07 21:05:25,S00302,U1466,Guest,Homepage,/homepage,GET,200,24
2026-08-07 21:05:38,S00302,U1466,Guest,Catalog,/products,GET,200,248
2026-08-07 21:05:53,S00302,U1466,Guest,Search,/search,GET,200,282
2026-08-07 21:06:10,S00302,U1466,Guest,Homepage,/exit,GET,200,42
2026-08-07 21:53:30,S00303,U9397,Premium,Authentication,/login,POST,200,146
2026-08-07 21:53:33,S00303,U9397,Premium,Catalog,/products,GET,200,137
2026-08-07 21:53:39,S00303,U9397,Premium,Search,/search,GET,200,332
2026-08-07 21:53:49,S00303,U9397,Premium,Catalog,/product,GET,200,212
2026-08-07 21:54:02,S00303,U9397,Premium,Cart,/cart,POST,200,174
2026-08-07 21:54:20,S00303,U9397,Premium,Checkout,/checkout,POST,200,428
2026-08-07 21:54:27,S00303,U9397,Premium,Payment,/payment,POST,200,1583
2026-08-07 21:50:59,S00304,U9908,Buyer,Authentication,/login,POST,200,157
2026-08-07 21:51:12,S00304,U9908,Buyer,Orders,/orders,GET,200,229
2026-08-07 21:51:25,S00304,U9908,Buyer,Orders,/track-order,GET,200,136
2026-08-07 21:51:43,S00304,U9908,Buyer,Authentication,/logout,GET,200,76
2026-08-07 20:20:21,S00305,U7750,Buyer,Authentication,/login,POST,200,106
2026-08-07 20:20:39,S00305,U7750,Buyer,Orders,/orders,GET,200,293
2026-08-07 20:20:57,S00305,U7750,Buyer,Orders,/track-order,GET,200,236
2026-08-07 20:21:02,S00305,U7750,Buyer,Authentication,/logout,GET,200,93
2026-08-07 21:03:34,S00306,U2909,Guest,Authentication,/login,POST,200,169
2026-08-07 21:03:47,S00306,U2909,Guest,Orders,/orders,GET,200,251
2026-08-07 21:04:05,S00306,U2909,Guest,Orders,/track-order,GET,200,187
2026-08-07 21:04:16,S00306,U2909,Guest,Authentication,/logout,GET,200,43
2026-08-07 20:17:32,S00307,U4643,Guest,Authentication,/login,POST,200,138
2026-08-07 20:17:40,S00307,U4643,Guest,Orders,/orders,GET,500,246
2026-08-07 20:17:55,S00307,U4643,Guest,Orders,/track-order,GET,200,128
2026-08-07 20:18:12,S00307,U4643,Guest,Authentication,/logout,GET,200,95
2026-08-07 20:06:11,S00308,U1537,Premium,Authentication,/login,POST,200,200
2026-08-07 20:06:21,S00308,U1537,Premium,Catalog,/products,GET,200,111
2026-08-07 20:06:23,S00308,U1537,Premium,Search,/search,GET,200,199
2026-08-07 20:06:31,S00308,U1537,Premium,Catalog,/product,GET,200,270
2026-08-07 20:06:38,S00308,U1537,Premium,Cart,/cart,POST,200,493
2026-08-07 20:06:42,S00308,U1537,Premium,Checkout,/checkout,POST,200,499
2026-08-07 20:06:52,S00308,U1537,Premium,Payment,/payment,POST,200,1771
2026-08-07 21:21:47,S00309,U3630,Premium,Homepage,/homepage,GET,200,35
2026-08-07 21:21:51,S00309,U3630,Premium,Catalog,/products,GET,200,125
2026-08-07 21:21:53,S00309,U3630,Premium,Search,/search,GET,200,420
2026-08-07 21:22:01,S00309,U3630,Premium,Homepage,/exit,GET,200,50
2026-08-07 21:54:19,S00310,U2616,Guest,Authentication,/login,POST,200,201
2026-08-07 21:54:26,S00310,U2616,Guest,Orders,/orders,GET,200,405
2026-08-07 21:54:31,S00310,U2616,Guest,Orders,/track-order,GET,200,146
2026-08-07 21:54:45,S00310,U2616,Guest,Authentication,/logout,GET,200,94
2026-08-07 20:41:00,S00311,U7677,Guest,Homepage,/homepage,GET,200,27
2026-08-07 20:41:18,S00311,U7677,Guest,Catalog,/products,GET,200,134
2026-08-07 20:41:31,S00311,U7677,Guest,Search,/search,GET,200,297
2026-08-07 20:41:34,S00311,U7677,Guest,Homepage,/exit,GET,200,22
2026-08-07 21:38:36,S00312,U7304,Buyer,Authentication,/login,POST,200,159
2026-08-07 21:38:52,S00312,U7304,Buyer,Catalog,/products,GET,200,157
2026-08-07 21:39:03,S00312,U7304,Buyer,Search,/search,GET,200,369
2026-08-07 21:39:07,S00312,U7304,Buyer,Catalog,/product,GET,200,349
2026-08-07 21:39:24,S00312,U7304,Buyer,Cart,/cart,POST,200,497
2026-08-07 21:39:26,S00312,U7304,Buyer,Checkout,/checkout,POST,200,853
2026-08-07 21:39:40,S00312,U7304,Buyer,Payment,/payment,POST,200,1248
2026-08-07 21:32:59,S00313,U2953,Guest,Authentication,/login,POST,200,106
2026-08-07 21:33:06,S00313,U2953,Guest,Catalog,/products,GET,200,116
2026-08-07 21:33:14,S00313,U2953,Guest,Search,/search,GET,200,323
2026-08-07 21:33:28,S00313,U2953,Guest,Catalog,/product,GET,200,151
2026-08-07 21:33:43,S00313,U2953,Guest,Cart,/cart,POST,200,405
2026-08-07 21:33:53,S00313,U2953,Guest,Checkout,/checkout,POST,200,759
2026-08-07 21:34:07,S00313,U2953,Guest,Payment,/payment,POST,200,1296
2026-08-07 21:04:54,S00314,U8448,Guest,Authentication,/login,POST,200,207
2026-08-07 21:05:00,S00314,U8448,Guest,Catalog,/products,GET,200,107
2026-08-07 21:05:03,S00314,U8448,Guest,Search,/search,GET,200,184
2026-08-07 21:05:05,S00314,U8448,Guest,Catalog,/product,GET,200,165
2026-08-07 21:05:17,S00314,U8448,Guest,Cart,/cart,POST,200,228
2026-08-07 21:05:22,S00314,U8448,Guest,Checkout,/checkout,POST,200,428
2026-08-07 21:05:40,S00314,U8448,Guest,Payment,/payment,POST,200,1585
2026-08-07 21:05:02,S00315,U4308,Buyer,Authentication,/login,POST,200,209
2026-08-07 21:05:14,S00315,U4308,Buyer,Catalog,/products,GET,200,238
2026-08-07 21:05:17,S00315,U4308,Buyer,Search,/search,GET,200,370
2026-08-07 21:05:22,S00315,U4308,Buyer,Catalog,/product,GET,200,218
2026-08-07 21:05:36,S00315,U4308,Buyer,Cart,/cart,POST,200,376
2026-08-07 21:05:39,S00315,U4308,Buyer,Checkout,/checkout,POST,200,531
2026-08-07 21:05:50,S00315,U4308,Buyer,Payment,/payment,POST,200,1705
2026-08-07 20:51:13,S00316,U8056,Guest,Authentication,/login,POST,200,204
2026-08-07 20:51:30,S00316,U8056,Guest,Catalog,/products,GET,200,268
2026-08-07 20:51:47,S00316,U8056,Guest,Search,/search,GET,200,393
2026-08-07 20:51:54,S00316,U8056,Guest,Catalog,/product,GET,200,249
2026-08-07 20:52:04,S00316,U8056,Guest,Cart,/cart,POST,200,403
2026-08-07 20:52:18,S00316,U8056,Guest,Checkout,/checkout,POST,200,711
2026-08-07 20:52:29,S00316,U8056,Guest,Payment,/payment,POST,200,1128
2026-08-07 21:39:24,S00317,U3100,Buyer,Authentication,/login,POST,200,86
2026-08-07 21:39:36,S00317,U3100,Buyer,Catalog,/products,GET,200,197
2026-08-07 21:39:49,S00317,U3100,Buyer,Search,/search,GET,200,332
2026-08-07 21:39:52,S00317,U3100,Buyer,Catalog,/product,GET,200,289
2026-08-07 21:40:01,S00317,U3100,Buyer,Cart,/cart,POST,200,481
2026-08-07 21:40:05,S00317,U3100,Buyer,Checkout,/checkout,POST,200,417
2026-08-07 21:40:10,S00317,U3100,Buyer,Payment,/payment,POST,200,1145
2026-08-07 20:55:46,S00318,U1612,Buyer,Authentication,/login,POST,200,211
2026-08-07 20:55:56,S00318,U1612,Buyer,Catalog,/products,GET,200,105
2026-08-07 20:55:58,S00318,U1612,Buyer,Search,/search,GET,200,312
2026-08-07 20:56:12,S00318,U1612,Buyer,Catalog,/product,GET,200,202
2026-08-07 20:56:29,S00318,U1612,Buyer,Cart,/cart,POST,200,201
2026-08-07 20:56:37,S00318,U1612,Buyer,Checkout,/checkout,POST,200,694
2026-08-07 20:56:49,S00318,U1612,Buyer,Payment,/payment,POST,200,970
2026-08-07 21:53:47,S00319,U8143,Guest,Authentication,/login,POST,200,99
2026-08-07 21:53:55,S00319,U8143,Guest,Catalog,/products,GET,200,173
2026-08-07 21:54:06,S00319,U8143,Guest,Search,/search,GET,200,443
2026-08-07 21:54:15,S00319,U8143,Guest,Catalog,/product,GET,200,279
2026-08-07 21:54:19,S00319,U8143,Guest,Cart,/cart,POST,200,446
2026-08-07 21:54:31,S00319,U8143,Guest,Checkout,/checkout,POST,200,629
2026-08-07 21:54:49,S00319,U8143,Guest,Payment,/payment,POST,200,1286
2026-08-07 21:07:00,S00320,U2256,Premium,Homepage,/homepage,GET,200,71
2026-08-07 21:07:12,S00320,U2256,Premium,Catalog,/products,GET,200,151
2026-08-07 21:07:22,S00320,U2256,Premium,Search,/search,GET,200,413
2026-08-07 21:07:29,S00320,U2256,Premium,Homepage,/exit,GET,200,48
2026-08-07 21:28:19,S00321,U4056,Premium,Authentication,/login,POST,200,199
2026-08-07 21:28:34,S00321,U4056,Premium,Catalog,/products,GET,200,244
2026-08-07 21:28:37,S00321,U4056,Premium,Search,/search,GET,200,417
2026-08-07 21:28:53,S00321,U4056,Premium,Catalog,/product,GET,200,157
2026-08-07 21:29:04,S00321,U4056,Premium,Cart,/cart,POST,200,372
2026-08-07 21:29:08,S00321,U4056,Premium,Checkout,/checkout,POST,200,558
2026-08-07 21:29:18,S00321,U4056,Premium,Payment,/payment,POST,200,1643
2026-08-07 20:53:30,S00322,U5201,Premium,Authentication,/login,POST,200,141
2026-08-07 20:53:38,S00322,U5201,Premium,Catalog,/products,GET,200,107
2026-08-07 20:53:49,S00322,U5201,Premium,Search,/search,GET,200,387
2026-08-07 20:54:04,S00322,U5201,Premium,Catalog,/product,GET,200,228
2026-08-07 20:54:07,S00322,U5201,Premium,Cart,/cart,POST,200,253
2026-08-07 20:54:13,S00322,U5201,Premium,Checkout,/checkout,POST,200,379
2026-08-07 20:54:23,S00322,U5201,Premium,Payment,/payment,POST,200,1474
2026-08-07 20:09:33,S00323,U8960,Guest,Authentication,/login,POST,200,160
2026-08-07 20:09:37,S00323,U8960,Guest,Catalog,/products,GET,200,204
2026-08-07 20:09:41,S00323,U8960,Guest,Search,/search,GET,200,353
2026-08-07 20:09:47,S00323,U8960,Guest,Catalog,/product,GET,200,180
2026-08-07 20:10:05,S00323,U8960,Guest,Cart,/cart,POST,200,211
2026-08-07 20:10:23,S00323,U8960,Guest,Checkout,/checkout,POST,200,607
2026-08-07 20:10:27,S00323,U8960,Guest,Payment,/payment,POST,200,1043
2026-08-07 21:48:07,S00324,U6395,Premium,Homepage,/homepage,GET,200,67
2026-08-07 21:48:22,S00324,U6395,Premium,Catalog,/products,GET,200,155
2026-08-07 21:48:29,S00324,U6395,Premium,Search,/search,GET,404,259
2026-08-07 21:48:45,S00324,U6395,Premium,Homepage,/exit,GET,200,33
2026-08-07 20:13:31,S00325,U9034,Premium,Authentication,/login,POST,200,161
2026-08-07 20:13:48,S00325,U9034,Premium,Catalog,/products,GET,200,274
2026-08-07 20:13:58,S00325,U9034,Premium,Search,/search,GET,200,224
2026-08-07 20:14:11,S00325,U9034,Premium,Catalog,/product,GET,200,330
2026-08-07 20:14:14,S00325,U9034,Premium,Cart,/cart,POST,200,489
2026-08-07 20:14:17,S00325,U9034,Premium,Checkout,/checkout,POST,200,595
2026-08-07 20:14:31,S00325,U9034,Premium,Payment,/payment,POST,200,1116
2026-08-07 21:55:11,S00326,U2999,Premium,Authentication,/login,POST,200,193
2026-08-07 21:55:25,S00326,U2999,Premium,Orders,/orders,GET,200,310
2026-08-07 21:55:34,S00326,U2999,Premium,Orders,/track-order,GET,200,176
2026-08-07 21:55:41,S00326,U2999,Premium,Authentication,/logout,GET,200,96
2026-08-07 21:50:29,S00327,U1555,Buyer,Authentication,/login,POST,200,205
2026-08-07 21:50:44,S00327,U1555,Buyer,Orders,/orders,GET,200,350
2026-08-07 21:50:49,S00327,U1555,Buyer,Orders,/track-order,GET,200,141
2026-08-07 21:51:07,S00327,U1555,Buyer,Authentication,/logout,GET,200,48
2026-08-07 20:05:12,S00328,U8426,Premium,Authentication,/login,POST,200,127
2026-08-07 20:05:18,S00328,U8426,Premium,Catalog,/products,GET,200,100
2026-08-07 20:05:29,S00328,U8426,Premium,Search,/search,GET,200,310
2026-08-07 20:05:34,S00328,U8426,Premium,Catalog,/product,GET,200,160
2026-08-07 20:05:40,S00328,U8426,Premium,Cart,/cart,POST,200,454
2026-08-07 20:05:52,S00328,U8426,Premium,Checkout,/checkout,POST,200,812
2026-08-07 20:05:58,S00328,U8426,Premium,Payment,/payment,POST,200,1066
2026-08-07 20:48:17,S00329,U5616,Guest,Authentication,/login,POST,200,126
2026-08-07 20:48:31,S00329,U5616,Guest,Catalog,/products,GET,200,246
2026-08-07 20:48:33,S00329,U5616,Guest,Search,/search,GET,200,435
2026-08-07 20:48:42,S00329,U5616,Guest,Catalog,/product,GET,500,142
2026-08-07 20:48:50,S00329,U5616,Guest,Cart,/cart,POST,200,284
2026-08-07 20:48:57,S00329,U5616,Guest,Checkout,/checkout,POST,200,400
2026-08-07 20:49:12,S00329,U5616,Guest,Payment,/payment,POST,200,1414
2026-08-07 20:14:07,S00330,U7028,Guest,Authentication,/login,POST,200,83
2026-08-07 20:14:22,S00330,U7028,Guest,Orders,/orders,GET,200,412
2026-08-07 20:14:39,S00330,U7028,Guest,Orders,/track-order,GET,200,130
2026-08-07 20:14:47,S00330,U7028,Guest,Authentication,/logout,GET,200,64
2026-08-07 20:15:52,S00331,U5717,Premium,Authentication,/login,POST,200,190
2026-08-07 20:16:00,S00331,U5717,Premium,Catalog,/products,GET,200,172
2026-08-07 20:16:08,S00331,U5717,Premium,Search,/search,GET,200,364
2026-08-07 20:16:14,S00331,U5717,Premium,Catalog,/product,GET,200,127
2026-08-07 20:16:24,S00331,U5717,Premium,Cart,/cart,POST,200,270
2026-08-07 20:16:33,S00331,U5717,Premium,Checkout,/checkout,POST,200,728
2026-08-07 20:16:49,S00331,U5717,Premium,Payment,/payment,POST,200,887
2026-08-07 20:27:04,S00332,U6296,Premium,Authentication,/login,POST,200,178
2026-08-07 20:27:14,S00332,U6296,Premium,Catalog,/products,GET,200,118
2026-08-07 20:27:17,S00332,U6296,Premium,Search,/search,GET,200,176
2026-08-07 20:27:26,S00332,U6296,Premium,Catalog,/product,GET,200,240
2026-08-07 20:27:29,S00332,U6296,Premium,Cart,/cart,POST,200,152
2026-08-07 20:27:43,S00332,U6296,Premium,Checkout,/checkout,POST,500,659
2026-08-07 20:27:56,S00332,U6296,Premium,Payment,/payment,POST,404,935
2026-08-07 21:05:23,S00333,U3938,Buyer,Authentication,/login,POST,200,166
2026-08-07 21:05:29,S00333,U3938,Buyer,Catalog,/products,GET,200,122
2026-08-07 21:05:47,S00333,U3938,Buyer,Search,/search,GET,200,371
2026-08-07 21:05:52,S00333,U3938,Buyer,Catalog,/product,GET,200,200
2026-08-07 21:05:58,S00333,U3938,Buyer,Cart,/cart,POST,200,405
2026-08-07 21:06:08,S00333,U3938,Buyer,Checkout,/checkout,POST,200,719
2026-08-07 21:06:19,S00333,U3938,Buyer,Payment,/payment,POST,200,1724
2026-08-07 20:20:37,S00334,U9470,Buyer,Authentication,/login,POST,200,160
2026-08-07 20:20:54,S00334,U9470,Buyer,Catalog,/products,GET,404,295
2026-08-07 20:21:10,S00334,U9470,Buyer,Search,/search,GET,200,177
2026-08-07 20:21:13,S00334,U9470,Buyer,Catalog,/product,GET,200,178
2026-08-07 20:21:30,S00334,U9470,Buyer,Cart,/cart,POST,200,283
2026-08-07 20:21:46,S00334,U9470,Buyer,Checkout,/checkout,POST,200,796
2026-08-07 20:22:03,S00334,U9470,Buyer,Payment,/payment,POST,200,841
2026-08-07 21:36:22,S00335,U8499,Buyer,Authentication,/login,POST,200,117
2026-08-07 21:36:26,S00335,U8499,Buyer,Catalog,/products,GET,200,152
2026-08-07 21:36:33,S00335,U8499,Buyer,Search,/search,GET,200,236
2026-08-07 21:36:43,S00335,U8499,Buyer,Catalog,/product,GET,200,264
2026-08-07 21:36:51,S00335,U8499,Buyer,Cart,/cart,POST,503,448
2026-08-07 21:36:53,S00335,U8499,Buyer,Checkout,/checkout,POST,200,888
2026-08-07 21:37:00,S00335,U8499,Buyer,Payment,/payment,POST,200,1226
2026-08-07 20:42:58,S00336,U9161,Premium,Authentication,/login,POST,200,86
2026-08-07 20:43:03,S00336,U9161,Premium,Catalog,/products,GET,200,200
2026-08-07 20:43:08,S00336,U9161,Premium,Search,/search,GET,200,315
2026-08-07 20:43:12,S00336,U9161,Premium,Catalog,/product,GET,200,237
2026-08-07 20:43:29,S00336,U9161,Premium,Cart,/cart,POST,200,382
2026-08-07 20:43:39,S00336,U9161,Premium,Checkout,/checkout,POST,200,355
2026-08-07 20:43:42,S00336,U9161,Premium,Payment,/payment,POST,200,1471
2026-08-07 21:46:55,S00337,U6323,Premium,Authentication,/login,POST,200,113
2026-08-07 21:46:58,S00337,U6323,Premium,Catalog,/products,GET,200,264
2026-08-07 21:47:01,S00337,U6323,Premium,Cart,/cart,POST,200,186
2026-08-07 21:47:15,S00337,U6323,Premium,Checkout,/checkout,POST,200,444
2026-08-07 21:47:22,S00337,U6323,Premium,Orders,/cancel-order,POST,404,472
2026-08-07 21:47:36,S00337,U6323,Premium,Authentication,/logout,GET,200,51
2026-08-07 20:37:00,S00338,U3669,Buyer,Homepage,/homepage,GET,200,61
2026-08-07 20:37:06,S00338,U3669,Buyer,Catalog,/products,GET,200,130
2026-08-07 20:37:21,S00338,U3669,Buyer,Search,/search,GET,200,308
2026-08-07 20:37:27,S00338,U3669,Buyer,Homepage,/exit,GET,200,31
2026-08-07 20:51:05,S00339,U9399,Guest,Authentication,/login,POST,200,201
2026-08-07 20:51:20,S00339,U9399,Guest,Catalog,/products,GET,200,123
2026-08-07 20:51:33,S00339,U9399,Guest,Search,/search,GET,200,245
2026-08-07 20:51:48,S00339,U9399,Guest,Catalog,/product,GET,200,143
2026-08-07 20:52:00,S00339,U9399,Guest,Cart,/cart,POST,200,387
2026-08-07 20:52:06,S00339,U9399,Guest,Checkout,/checkout,POST,200,857
2026-08-07 20:52:24,S00339,U9399,Guest,Payment,/payment,POST,200,885
2026-08-07 20:15:32,S00340,U2297,Buyer,Authentication,/login,POST,200,156
2026-08-07 20:15:50,S00340,U2297,Buyer,Catalog,/products,GET,200,209
2026-08-07 20:15:53,S00340,U2297,Buyer,Search,/search,GET,200,432
2026-08-07 20:15:56,S00340,U2297,Buyer,Catalog,/product,GET,200,251
2026-08-07 20:16:11,S00340,U2297,Buyer,Cart,/cart,POST,200,361
2026-08-07 20:16:21,S00340,U2297,Buyer,Checkout,/checkout,POST,200,713
2026-08-07 20:16:25,S00340,U2297,Buyer,Payment,/payment,POST,200,1587
2026-08-07 21:53:11,S00341,U8583,Guest,Homepage,/homepage,GET,200,45
2026-08-07 21:53:26,S00341,U8583,Guest,Catalog,/products,GET,200,280
2026-08-07 21:53:42,S00341,U8583,Guest,Search,/search,GET,200,380
2026-08-07 21:53:52,S00341,U8583,Guest,Homepage,/exit,GET,404,30
2026-08-07 21:20:34,S00342,U4458,Guest,Authentication,/login,POST,200,146
2026-08-07 21:20:39,S00342,U4458,Guest,Catalog,/products,GET,200,211
2026-08-07 21:20:41,S00342,U4458,Guest,Search,/search,GET,200,352
2026-08-07 21:20:48,S00342,U4458,Guest,Catalog,/product,GET,200,287
2026-08-07 21:21:02,S00342,U4458,Guest,Cart,/cart,POST,404,486
2026-08-07 21:21:19,S00342,U4458,Guest,Checkout,/checkout,POST,200,660
2026-08-07 21:21:32,S00342,U4458,Guest,Payment,/payment,POST,200,1507
2026-08-07 19:59:59,S00343,U5958,Guest,Authentication,/login,POST,200,128
2026-08-07 20:00:01,S00343,U5958,Guest,Catalog,/products,GET,500,278
2026-08-07 20:00:03,S00343,U5958,Guest,Search,/search,GET,200,257
2026-08-07 20:00:09,S00343,U5958,Guest,Catalog,/product,GET,200,286
2026-08-07 20:00:17,S00343,U5958,Guest,Cart,/cart,POST,200,194
2026-08-07 20:00:33,S00343,U5958,Guest,Checkout,/checkout,POST,200,501
2026-08-07 20:00:35,S00343,U5958,Guest,Payment,/payment,POST,200,919
2026-08-07 21:55:29,S00344,U8295,Buyer,Authentication,/login,POST,200,195
2026-08-07 21:55:37,S00344,U8295,Buyer,Catalog,/products,GET,200,175
2026-08-07 21:55:51,S00344,U8295,Buyer,Search,/search,GET,200,176
2026-08-07 21:55:56,S00344,U8295,Buyer,Catalog,/product,GET,200,281
2026-08-07 21:56:11,S00344,U8295,Buyer,Cart,/cart,POST,200,362
2026-08-07 21:56:22,S00344,U8295,Buyer,Checkout,/checkout,POST,200,387
2026-08-07 21:56:39,S00344,U8295,Buyer,Payment,/payment,POST,200,1325
2026-08-07 20:00:41,S00345,U4799,Premium,Authentication,/login,POST,200,188
2026-08-07 20:00:45,S00345,U4799,Premium,Catalog,/products,GET,200,168
2026-08-07 20:01:00,S00345,U4799,Premium,Search,/search,GET,200,392
2026-08-07 20:01:13,S00345,U4799,Premium,Catalog,/product,GET,200,234
2026-08-07 20:01:15,S00345,U4799,Premium,Cart,/cart,POST,200,232
2026-08-07 20:01:23,S00345,U4799,Premium,Checkout,/checkout,POST,200,830
2026-08-07 20:01:32,S00345,U4799,Premium,Payment,/payment,POST,200,1319
2026-08-07 21:36:48,S00346,U8675,Guest,Authentication,/login,POST,404,179
2026-08-07 21:37:01,S00346,U8675,Guest,Orders,/orders,GET,200,421
2026-08-07 21:37:08,S00346,U8675,Guest,Orders,/track-order,GET,200,153
2026-08-07 21:37:12,S00346,U8675,Guest,Authentication,/logout,GET,200,101
2026-08-07 21:46:26,S00347,U3561,Premium,Authentication,/login,POST,200,186
2026-08-07 21:46:43,S00347,U3561,Premium,Catalog,/products,GET,200,177
2026-08-07 21:46:46,S00347,U3561,Premium,Search,/search,GET,200,159
2026-08-07 21:46:56,S00347,U3561,Premium,Catalog,/product,GET,200,211
2026-08-07 21:47:03,S00347,U3561,Premium,Cart,/cart,POST,200,407
2026-08-07 21:47:07,S00347,U3561,Premium,Checkout,/checkout,POST,200,695
2026-08-07 21:47:16,S00347,U3561,Premium,Payment,/payment,POST,200,923
2026-08-07 21:43:08,S00348,U5224,Buyer,Homepage,/homepage,GET,200,22
2026-08-07 21:43:18,S00348,U5224,Buyer,Catalog,/products,GET,200,138
2026-08-07 21:43:36,S00348,U5224,Buyer,Search,/search,GET,200,203
2026-08-07 21:43:52,S00348,U5224,Buyer,Homepage,/exit,GET,200,45
2026-08-07 21:55:17,S00349,U2734,Premium,Authentication,/login,POST,200,106
2026-08-07 21:55:20,S00349,U2734,Premium,Catalog,/products,GET,200,229
2026-08-07 21:55:25,S00349,U2734,Premium,Search,/search,GET,200,255
2026-08-07 21:55:32,S00349,U2734,Premium,Catalog,/product,GET,200,306
2026-08-07 21:55:48,S00349,U2734,Premium,Cart,/cart,POST,200,409
2026-08-07 21:55:53,S00349,U2734,Premium,Checkout,/checkout,POST,200,507
2026-08-07 21:56:05,S00349,U2734,Premium,Payment,/payment,POST,200,1638
2026-08-07 19:58:59,S00350,U8194,Buyer,Homepage,/homepage,GET,200,35
2026-08-07 19:59:16,S00350,U8194,Buyer,Catalog,/products,GET,200,187
2026-08-07 19:59:23,S00350,U8194,Buyer,Search,/search,GET,200,193
2026-08-07 19:59:38,S00350,U8194,Buyer,Homepage,/exit,GET,200,31
2026-08-07 20:29:15,S00351,U3483,Premium,Authentication,/login,POST,200,115
2026-08-07 20:29:30,S00351,U3483,Premium,Catalog,/products,GET,200,204
2026-08-07 20:29:48,S00351,U3483,Premium,Search,/search,GET,200,335
2026-08-07 20:30:04,S00351,U3483,Premium,Catalog,/product,GET,200,157
2026-08-07 20:30:22,S00351,U3483,Premium,Cart,/cart,POST,200,185
2026-08-07 20:30:34,S00351,U3483,Premium,Checkout,/checkout,POST,500,761
2026-08-07 20:30:41,S00351,U3483,Premium,Payment,/payment,POST,200,1244
2026-08-07 21:24:20,S00352,U3473,Premium,Authentication,/login,POST,500,213
2026-08-07 21:24:35,S00352,U3473,Premium,Catalog,/products,GET,200,202
2026-08-07 21:24:46,S00352,U3473,Premium,Search,/search,GET,200,310
2026-08-07 21:24:48,S00352,U3473,Premium,Catalog,/product,GET,200,331
2026-08-07 21:25:06,S00352,U3473,Premium,Cart,/cart,POST,200,462
2026-08-07 21:25:20,S00352,U3473,Premium,Checkout,/checkout,POST,200,806
2026-08-07 21:25:36,S00352,U3473,Premium,Payment,/payment,POST,200,1514
2026-08-07 21:11:28,S00353,U4232,Buyer,Authentication,/login,POST,200,165
2026-08-07 21:11:34,S00353,U4232,Buyer,Catalog,/products,GET,503,233
2026-08-07 21:11:45,S00353,U4232,Buyer,Search,/search,GET,200,259
2026-08-07 21:11:56,S00353,U4232,Buyer,Catalog,/product,GET,200,253
2026-08-07 21:12:03,S00353,U4232,Buyer,Cart,/cart,POST,200,161
2026-08-07 21:12:13,S00353,U4232,Buyer,Checkout,/checkout,POST,200,597
2026-08-07 21:12:24,S00353,U4232,Buyer,Payment,/payment,POST,200,1543
2026-08-07 20:49:01,S00354,U2809,Premium,Authentication,/login,POST,200,146
2026-08-07 20:49:14,S00354,U2809,Premium,Catalog,/products,GET,200,131
2026-08-07 20:49:19,S00354,U2809,Premium,Search,/search,GET,200,379
2026-08-07 20:49:21,S00354,U2809,Premium,Catalog,/product,GET,200,236
2026-08-07 20:49:30,S00354,U2809,Premium,Cart,/cart,POST,200,447
2026-08-07 20:49:39,S00354,U2809,Premium,Checkout,/checkout,POST,200,708
2026-08-07 20:49:45,S00354,U2809,Premium,Payment,/payment,POST,200,1531
2026-08-07 20:24:23,S00355,U2724,Buyer,Authentication,/login,POST,200,172
2026-08-07 20:24:29,S00355,U2724,Buyer,Catalog,/products,GET,200,282
2026-08-07 20:24:44,S00355,U2724,Buyer,Search,/search,GET,200,191
2026-08-07 20:24:59,S00355,U2724,Buyer,Catalog,/product,GET,200,347
2026-08-07 20:25:07,S00355,U2724,Buyer,Cart,/cart,POST,200,378
2026-08-07 20:25:25,S00355,U2724,Buyer,Checkout,/checkout,POST,200,762
2026-08-07 20:25:43,S00355,U2724,Buyer,Payment,/payment,POST,200,1597
2026-08-07 20:58:11,S00356,U9172,Premium,Authentication,/login,POST,200,205
2026-08-07 20:58:26,S00356,U9172,Premium,Catalog,/products,GET,200,141
2026-08-07 20:58:32,S00356,U9172,Premium,Search,/search,GET,200,398
2026-08-07 20:58:38,S00356,U9172,Premium,Catalog,/product,GET,200,300
2026-08-07 20:58:56,S00356,U9172,Premium,Cart,/cart,POST,200,210
2026-08-07 20:59:12,S00356,U9172,Premium,Checkout,/checkout,POST,200,834
2026-08-07 20:59:19,S00356,U9172,Premium,Payment,/payment,POST,200,1766
2026-08-07 21:16:09,S00357,U7694,Guest,Authentication,/login,POST,200,154
2026-08-07 21:16:15,S00357,U7694,Guest,Catalog,/products,GET,200,130
2026-08-07 21:16:28,S00357,U7694,Guest,Search,/search,GET,200,305
2026-08-07 21:16:30,S00357,U7694,Guest,Catalog,/product,GET,200,322
2026-08-07 21:16:45,S00357,U7694,Guest,Cart,/cart,POST,200,174
2026-08-07 21:16:56,S00357,U7694,Guest,Checkout,/checkout,POST,200,640
2026-08-07 21:17:13,S00357,U7694,Guest,Payment,/payment,POST,200,802
2026-08-07 21:16:20,S00358,U2106,Guest,Authentication,/login,POST,200,159
2026-08-07 21:16:32,S00358,U2106,Guest,Catalog,/products,GET,200,300
2026-08-07 21:16:38,S00358,U2106,Guest,Search,/search,GET,200,220
2026-08-07 21:16:54,S00358,U2106,Guest,Catalog,/product,GET,200,314
2026-08-07 21:17:10,S00358,U2106,Guest,Cart,/cart,POST,200,226
2026-08-07 21:17:22,S00358,U2106,Guest,Checkout,/checkout,POST,200,441
2026-08-07 21:17:37,S00358,U2106,Guest,Payment,/payment,POST,200,1196
2026-08-07 21:29:38,S00359,U6554,Premium,Authentication,/login,POST,200,193
2026-08-07 21:29:42,S00359,U6554,Premium,Catalog,/products,GET,200,142
2026-08-07 21:29:53,S00359,U6554,Premium,Search,/search,GET,200,437
2026-08-07 21:29:57,S00359,U6554,Premium,Catalog,/product,GET,404,169
2026-08-07 21:30:00,S00359,U6554,Premium,Cart,/cart,POST,200,441
2026-08-07 21:30:17,S00359,U6554,Premium,Checkout,/checkout,POST,200,864
2026-08-07 21:30:22,S00359,U6554,Premium,Payment,/payment,POST,200,1474
2026-08-07 20:31:35,S00360,U1310,Buyer,Homepage,/homepage,GET,200,73
2026-08-07 20:31:51,S00360,U1310,Buyer,Catalog,/products,GET,200,121
2026-08-07 20:32:03,S00360,U1310,Buyer,Search,/search,GET,200,355
2026-08-07 20:32:20,S00360,U1310,Buyer,Homepage,/exit,GET,200,47
2026-08-07 21:55:28,S00361,U8160,Guest,Authentication,/login,POST,200,215
2026-08-07 21:55:38,S00361,U8160,Guest,Catalog,/products,GET,200,123
2026-08-07 21:55:43,S00361,U8160,Guest,Search,/search,GET,200,427
2026-08-07 21:55:49,S00361,U8160,Guest,Catalog,/product,GET,200,166
2026-08-07 21:55:53,S00361,U8160,Guest,Cart,/cart,POST,200,228
2026-08-07 21:56:08,S00361,U8160,Guest,Checkout,/checkout,POST,200,523
2026-08-07 21:56:20,S00361,U8160,Guest,Payment,/payment,POST,200,985
2026-08-07 20:17:33,S00362,U5882,Buyer,Authentication,/login,POST,200,185
2026-08-07 20:17:43,S00362,U5882,Buyer,Catalog,/products,GET,200,196
2026-08-07 20:17:48,S00362,U5882,Buyer,Search,/search,GET,200,176
2026-08-07 20:17:57,S00362,U5882,Buyer,Catalog,/product,GET,200,246
2026-08-07 20:18:15,S00362,U5882,Buyer,Cart,/cart,POST,200,347
2026-08-07 20:18:25,S00362,U5882,Buyer,Checkout,/checkout,POST,200,412
2026-08-07 20:18:40,S00362,U5882,Buyer,Payment,/payment,POST,200,867
2026-08-07 21:18:07,S00363,U4829,Guest,Authentication,/login,POST,200,105
2026-08-07 21:18:13,S00363,U4829,Guest,Catalog,/products,GET,200,177
2026-08-07 21:18:29,S00363,U4829,Guest,Search,/search,GET,200,192
2026-08-07 21:18:47,S00363,U4829,Guest,Catalog,/product,GET,200,172
2026-08-07 21:18:53,S00363,U4829,Guest,Cart,/cart,POST,200,341
2026-08-07 21:19:00,S00363,U4829,Guest,Checkout,/checkout,POST,200,601
2026-08-07 21:19:15,S00363,U4829,Guest,Payment,/payment,POST,200,1784
2026-08-07 21:51:20,S00364,U1684,Guest,Homepage,/homepage,GET,200,59
2026-08-07 21:51:27,S00364,U1684,Guest,Catalog,/products,GET,200,100
2026-08-07 21:51:44,S00364,U1684,Guest,Search,/search,GET,200,289
2026-08-07 21:51:58,S00364,U1684,Guest,Homepage,/exit,GET,200,31
2026-08-07 21:39:01,S00365,U9361,Buyer,Authentication,/login,POST,200,216
2026-08-07 21:39:12,S00365,U9361,Buyer,Catalog,/products,GET,200,122
2026-08-07 21:39:17,S00365,U9361,Buyer,Search,/search,GET,200,221
2026-08-07 21:39:27,S00365,U9361,Buyer,Catalog,/product,GET,200,344
2026-08-07 21:39:45,S00365,U9361,Buyer,Cart,/cart,POST,200,312
2026-08-07 21:39:57,S00365,U9361,Buyer,Checkout,/checkout,POST,500,617
2026-08-07 21:40:13,S00365,U9361,Buyer,Payment,/payment,POST,200,1079
2026-08-07 21:19:57,S00366,U6597,Guest,Authentication,/login,POST,200,164
2026-08-07 21:20:03,S00366,U6597,Guest,Catalog,/products,GET,200,265
2026-08-07 21:20:20,S00366,U6597,Guest,Search,/search,GET,200,152
2026-08-07 21:20:27,S00366,U6597,Guest,Catalog,/product,GET,200,225
2026-08-07 21:20:44,S00366,U6597,Guest,Cart,/cart,POST,200,351
2026-08-07 21:20:48,S00366,U6597,Guest,Checkout,/checkout,POST,200,381
2026-08-07 21:21:04,S00366,U6597,Guest,Payment,/payment,POST,200,1488
2026-08-07 21:42:57,S00367,U6864,Buyer,Authentication,/login,POST,200,82
2026-08-07 21:43:10,S00367,U6864,Buyer,Catalog,/products,GET,200,149
2026-08-07 21:43:19,S00367,U6864,Buyer,Search,/search,GET,200,160
2026-08-07 21:43:32,S00367,U6864,Buyer,Catalog,/product,GET,200,169
2026-08-07 21:43:43,S00367,U6864,Buyer,Cart,/cart,POST,200,263
2026-08-07 21:44:00,S00367,U6864,Buyer,Checkout,/checkout,POST,200,721
2026-08-07 21:44:17,S00367,U6864,Buyer,Payment,/payment,POST,200,1726
2026-08-07 21:25:16,S00368,U1116,Guest,Authentication,/login,POST,200,181
2026-08-07 21:25:26,S00368,U1116,Guest,Catalog,/products,GET,200,245
2026-08-07 21:25:33,S00368,U1116,Guest,Cart,/cart,POST,200,432
2026-08-07 21:25:40,S00368,U1116,Guest,Checkout,/checkout,POST,200,416
2026-08-07 21:25:44,S00368,U1116,Guest,Orders,/cancel-order,POST,200,415
2026-08-07 21:25:53,S00368,U1116,Guest,Authentication,/logout,GET,200,106
2026-08-07 21:32:42,S00369,U4143,Premium,Authentication,/login,POST,200,216
2026-08-07 21:32:58,S00369,U4143,Premium,Catalog,/products,GET,200,100
2026-08-07 21:33:01,S00369,U4143,Premium,Search,/search,GET,200,315
2026-08-07 21:33:16,S00369,U4143,Premium,Catalog,/product,GET,200,190
2026-08-07 21:33:34,S00369,U4143,Premium,Cart,/cart,POST,200,388
2026-08-07 21:33:52,S00369,U4143,Premium,Checkout,/checkout,POST,200,394
2026-08-07 21:34:01,S00369,U4143,Premium,Payment,/payment,POST,200,848
2026-08-07 20:51:36,S00370,U9723,Buyer,Authentication,/login,POST,200,129
2026-08-07 20:51:38,S00370,U9723,Buyer,Catalog,/products,GET,200,288
2026-08-07 20:51:53,S00370,U9723,Buyer,Search,/search,GET,200,188
2026-08-07 20:52:01,S00370,U9723,Buyer,Catalog,/product,GET,200,162
2026-08-07 20:52:05,S00370,U9723,Buyer,Cart,/cart,POST,200,470
2026-08-07 20:52:07,S00370,U9723,Buyer,Checkout,/checkout,POST,200,841
2026-08-07 20:52:09,S00370,U9723,Buyer,Payment,/payment,POST,200,1406
2026-08-07 20:30:38,S00371,U5102,Guest,Authentication,/login,POST,200,167
2026-08-07 20:30:50,S00371,U5102,Guest,Catalog,/products,GET,200,233
2026-08-07 20:30:54,S00371,U5102,Guest,Search,/search,GET,200,374
2026-08-07 20:31:10,S00371,U5102,Guest,Catalog,/product,GET,200,268
2026-08-07 20:31:13,S00371,U5102,Guest,Cart,/cart,POST,200,167
2026-08-07 20:31:17,S00371,U5102,Guest,Checkout,/checkout,POST,200,480
2026-08-07 20:31:33,S00371,U5102,Guest,Payment,/payment,POST,200,856
2026-08-07 21:14:27,S00372,U2077,Guest,Authentication,/login,POST,200,93
2026-08-07 21:14:41,S00372,U2077,Guest,Catalog,/products,GET,200,202
2026-08-07 21:14:56,S00372,U2077,Guest,Search,/search,GET,200,269
2026-08-07 21:14:58,S00372,U2077,Guest,Catalog,/product,GET,200,236
2026-08-07 21:15:13,S00372,U2077,Guest,Cart,/cart,POST,200,467
2026-08-07 21:15:25,S00372,U2077,Guest,Checkout,/checkout,POST,200,376
2026-08-07 21:15:37,S00372,U2077,Guest,Payment,/payment,POST,200,1401
2026-08-07 21:19:02,S00373,U1201,Premium,Homepage,/homepage,GET,200,70
2026-08-07 21:19:08,S00373,U1201,Premium,Catalog,/products,GET,200,263
2026-08-07 21:19:21,S00373,U1201,Premium,Search,/search,GET,200,365
2026-08-07 21:19:37,S00373,U1201,Premium,Homepage,/exit,GET,200,25
2026-08-07 20:57:36,S00374,U1991,Guest,Authentication,/login,POST,404,211
2026-08-07 20:57:49,S00374,U1991,Guest,Catalog,/products,GET,200,179
2026-08-07 20:57:55,S00374,U1991,Guest,Search,/search,GET,200,225
2026-08-07 20:58:07,S00374,U1991,Guest,Catalog,/product,GET,200,194
2026-08-07 20:58:09,S00374,U1991,Guest,Cart,/cart,POST,200,415
2026-08-07 20:58:15,S00374,U1991,Guest,Checkout,/checkout,POST,200,408
2026-08-07 20:58:18,S00374,U1991,Guest,Payment,/payment,POST,200,1232
2026-08-07 21:29:17,S00375,U4297,Guest,Authentication,/login,POST,200,201
2026-08-07 21:29:33,S00375,U4297,Guest,Catalog,/products,GET,200,253
2026-08-07 21:29:45,S00375,U4297,Guest,Search,/search,GET,200,303
2026-08-07 21:29:52,S00375,U4297,Guest,Catalog,/product,GET,200,146
2026-08-07 21:29:55,S00375,U4297,Guest,Cart,/cart,POST,200,403
2026-08-07 21:29:57,S00375,U4297,Guest,Checkout,/checkout,POST,200,578
2026-08-07 21:30:13,S00375,U4297,Guest,Payment,/payment,POST,200,1438
2026-08-07 20:52:45,S00376,U6431,Premium,Authentication,/login,POST,200,127
2026-08-07 20:52:47,S00376,U6431,Premium,Catalog,/products,GET,200,192
2026-08-07 20:53:00,S00376,U6431,Premium,Search,/search,GET,200,165
2026-08-07 20:53:06,S00376,U6431,Premium,Catalog,/product,GET,200,194
2026-08-07 20:53:19,S00376,U6431,Premium,Cart,/cart,POST,500,172
2026-08-07 20:53:27,S00376,U6431,Premium,Checkout,/checkout,POST,200,552
2026-08-07 20:53:36,S00376,U6431,Premium,Payment,/payment,POST,200,1706
2026-08-07 20:24:51,S00377,U6567,Premium,Authentication,/login,POST,200,85
2026-08-07 20:25:01,S00377,U6567,Premium,Catalog,/products,GET,200,125
2026-08-07 20:25:07,S00377,U6567,Premium,Search,/search,GET,200,344
2026-08-07 20:25:12,S00377,U6567,Premium,Catalog,/product,GET,200,206
2026-08-07 20:25:23,S00377,U6567,Premium,Cart,/cart,POST,200,383
2026-08-07 20:25:36,S00377,U6567,Premium,Checkout,/checkout,POST,200,525
2026-08-07 20:25:51,S00377,U6567,Premium,Payment,/payment,POST,200,1699
2026-08-07 20:24:16,S00378,U3366,Guest,Homepage,/homepage,GET,200,54
2026-08-07 20:24:29,S00378,U3366,Guest,Catalog,/products,GET,200,181
2026-08-07 20:24:38,S00378,U3366,Guest,Search,/search,GET,200,173
2026-08-07 20:24:46,S00378,U3366,Guest,Homepage,/exit,GET,200,47
2026-08-07 21:46:43,S00379,U6368,Guest,Authentication,/login,POST,200,151
2026-08-07 21:47:01,S00379,U6368,Guest,Catalog,/products,GET,200,249
2026-08-07 21:47:09,S00379,U6368,Guest,Search,/search,GET,200,191
2026-08-07 21:47:13,S00379,U6368,Guest,Catalog,/product,GET,200,162
2026-08-07 21:47:31,S00379,U6368,Guest,Cart,/cart,POST,200,341
2026-08-07 21:47:47,S00379,U6368,Guest,Checkout,/checkout,POST,200,533
2026-08-07 21:48:00,S00379,U6368,Guest,Payment,/payment,POST,200,1338
2026-08-07 21:25:13,S00380,U8762,Buyer,Authentication,/login,POST,200,89
2026-08-07 21:25:21,S00380,U8762,Buyer,Catalog,/products,GET,200,215
2026-08-07 21:25:35,S00380,U8762,Buyer,Search,/search,GET,200,261
2026-08-07 21:25:49,S00380,U8762,Buyer,Catalog,/product,GET,200,266
2026-08-07 21:26:02,S00380,U8762,Buyer,Cart,/cart,POST,200,280
2026-08-07 21:26:08,S00380,U8762,Buyer,Checkout,/checkout,POST,200,436
2026-08-07 21:26:26,S00380,U8762,Buyer,Payment,/payment,POST,200,1160
2026-08-07 20:56:16,S00381,U8622,Premium,Authentication,/login,POST,200,195
2026-08-07 20:56:31,S00381,U8622,Premium,Catalog,/products,GET,200,194
2026-08-07 20:56:43,S00381,U8622,Premium,Search,/search,GET,200,289
2026-08-07 20:56:50,S00381,U8622,Premium,Catalog,/product,GET,200,233
2026-08-07 20:56:54,S00381,U8622,Premium,Cart,/cart,POST,200,333
2026-08-07 20:57:05,S00381,U8622,Premium,Checkout,/checkout,POST,200,863
2026-08-07 20:57:09,S00381,U8622,Premium,Payment,/payment,POST,200,1604
2026-08-07 20:03:19,S00382,U2612,Guest,Authentication,/login,POST,200,219
2026-08-07 20:03:27,S00382,U2612,Guest,Catalog,/products,GET,200,272
2026-08-07 20:03:38,S00382,U2612,Guest,Search,/search,GET,200,290
2026-08-07 20:03:44,S00382,U2612,Guest,Catalog,/product,GET,200,338
2026-08-07 20:03:54,S00382,U2612,Guest,Cart,/cart,POST,200,154
2026-08-07 20:04:05,S00382,U2612,Guest,Checkout,/checkout,POST,200,704
2026-08-07 20:04:19,S00382,U2612,Guest,Payment,/payment,POST,200,1768
2026-08-07 21:42:01,S00383,U8733,Premium,Authentication,/login,POST,200,118
2026-08-07 21:42:10,S00383,U8733,Premium,Catalog,/products,GET,200,158
2026-08-07 21:42:18,S00383,U8733,Premium,Search,/search,GET,200,392
2026-08-07 21:42:34,S00383,U8733,Premium,Catalog,/product,GET,200,304
2026-08-07 21:42:46,S00383,U8733,Premium,Cart,/cart,POST,200,193
2026-08-07 21:42:54,S00383,U8733,Premium,Checkout,/checkout,POST,200,789
2026-08-07 21:43:09,S00383,U8733,Premium,Payment,/payment,POST,200,1014
2026-08-07 20:15:37,S00384,U7139,Guest,Authentication,/login,POST,200,158
2026-08-07 20:15:39,S00384,U7139,Guest,Catalog,/products,GET,200,227
2026-08-07 20:15:52,S00384,U7139,Guest,Search,/search,GET,200,323
2026-08-07 20:16:07,S00384,U7139,Guest,Catalog,/product,GET,200,295
2026-08-07 20:16:18,S00384,U7139,Guest,Cart,/cart,POST,200,316
2026-08-07 20:16:21,S00384,U7139,Guest,Checkout,/checkout,POST,200,492
2026-08-07 20:16:33,S00384,U7139,Guest,Payment,/payment,POST,200,1381
2026-08-07 20:06:47,S00385,U7247,Guest,Authentication,/login,POST,200,216
2026-08-07 20:07:04,S00385,U7247,Guest,Orders,/orders,GET,200,235
2026-08-07 20:07:20,S00385,U7247,Guest,Orders,/track-order,GET,200,177
2026-08-07 20:07:25,S00385,U7247,Guest,Authentication,/logout,GET,200,110
2026-08-07 20:50:47,S00386,U1439,Guest,Authentication,/login,POST,200,152
2026-08-07 20:50:58,S00386,U1439,Guest,Catalog,/products,GET,200,268
2026-08-07 20:51:14,S00386,U1439,Guest,Search,/search,GET,200,179
2026-08-07 20:51:16,S00386,U1439,Guest,Catalog,/product,GET,200,163
2026-08-07 20:51:31,S00386,U1439,Guest,Cart,/cart,POST,200,350
2026-08-07 20:51:36,S00386,U1439,Guest,Checkout,/checkout,POST,200,482
2026-08-07 20:51:53,S00386,U1439,Guest,Payment,/payment,POST,200,1560
2026-08-07 21:49:46,S00387,U3128,Guest,Authentication,/login,POST,200,201
2026-08-07 21:49:57,S00387,U3128,Guest,Catalog,/products,GET,200,250
2026-08-07 21:50:13,S00387,U3128,Guest,Search,/search,GET,200,291
2026-08-07 21:50:19,S00387,U3128,Guest,Catalog,/product,GET,200,234
2026-08-07 21:50:33,S00387,U3128,Guest,Cart,/cart,POST,200,459
2026-08-07 21:50:51,S00387,U3128,Guest,Checkout,/checkout,POST,200,686
2026-08-07 21:51:08,S00387,U3128,Guest,Payment,/payment,POST,200,1271
2026-08-07 21:00:24,S00388,U2492,Buyer,Authentication,/login,POST,200,168
2026-08-07 21:00:35,S00388,U2492,Buyer,Catalog,/products,GET,200,200
2026-08-07 21:00:42,S00388,U2492,Buyer,Search,/search,GET,200,362
2026-08-07 21:00:57,S00388,U2492,Buyer,Catalog,/product,GET,200,237
2026-08-07 21:01:04,S00388,U2492,Buyer,Cart,/cart,POST,200,441
2026-08-07 21:01:07,S00388,U2492,Buyer,Checkout,/checkout,POST,200,595
2026-08-07 21:01:14,S00388,U2492,Buyer,Payment,/payment,POST,200,1080
2026-08-07 20:27:45,S00389,U2093,Premium,Homepage,/homepage,GET,200,78
2026-08-07 20:27:50,S00389,U2093,Premium,Catalog,/products,GET,200,194
2026-08-07 20:27:55,S00389,U2093,Premium,Search,/search,GET,200,408
2026-08-07 20:28:07,S00389,U2093,Premium,Homepage,/exit,GET,200,33
2026-08-07 20:01:44,S00390,U4397,Premium,Authentication,/login,POST,200,98
2026-08-07 20:02:00,S00390,U4397,Premium,Catalog,/products,GET,200,197
2026-08-07 20:02:14,S00390,U4397,Premium,Search,/search,GET,200,249
2026-08-07 20:02:16,S00390,U4397,Premium,Catalog,/product,GET,200,184
2026-08-07 20:02:22,S00390,U4397,Premium,Cart,/cart,POST,200,317
2026-08-07 20:02:38,S00390,U4397,Premium,Checkout,/checkout,POST,200,846
2026-08-07 20:02:42,S00390,U4397,Premium,Payment,/payment,POST,200,1361
2026-08-07 21:53:00,S00391,U3297,Buyer,Homepage,/homepage,GET,200,30
2026-08-07 21:53:02,S00391,U3297,Buyer,Catalog,/products,GET,200,255
2026-08-07 21:53:13,S00391,U3297,Buyer,Search,/search,GET,200,213
2026-08-07 21:53:27,S00391,U3297,Buyer,Homepage,/exit,GET,200,25
2026-08-07 20:22:23,S00392,U5476,Guest,Authentication,/login,POST,200,135
2026-08-07 20:22:31,S00392,U5476,Guest,Catalog,/products,GET,200,213
2026-08-07 20:22:49,S00392,U5476,Guest,Search,/search,GET,200,202
2026-08-07 20:23:00,S00392,U5476,Guest,Catalog,/product,GET,200,233
2026-08-07 20:23:02,S00392,U5476,Guest,Cart,/cart,POST,200,174
2026-08-07 20:23:10,S00392,U5476,Guest,Checkout,/checkout,POST,200,605
2026-08-07 20:23:19,S00392,U5476,Guest,Payment,/payment,POST,200,1004
2026-08-07 20:24:20,S00393,U1457,Guest,Authentication,/login,POST,200,96
2026-08-07 20:24:25,S00393,U1457,Guest,Catalog,/products,GET,200,270
2026-08-07 20:24:32,S00393,U1457,Guest,Search,/search,GET,200,172
2026-08-07 20:24:37,S00393,U1457,Guest,Catalog,/product,GET,200,328
2026-08-07 20:24:45,S00393,U1457,Guest,Cart,/cart,POST,200,469
2026-08-07 20:24:59,S00393,U1457,Guest,Checkout,/checkout,POST,200,788
2026-08-07 20:25:07,S00393,U1457,Guest,Payment,/payment,POST,200,908
2026-08-07 19:59:44,S00394,U1245,Buyer,Authentication,/login,POST,200,179
2026-08-07 19:59:53,S00394,U1245,Buyer,Catalog,/products,GET,200,116
2026-08-07 20:00:03,S00394,U1245,Buyer,Search,/search,GET,200,338
2026-08-07 20:00:11,S00394,U1245,Buyer,Catalog,/product,GET,200,225
2026-08-07 20:00:28,S00394,U1245,Buyer,Cart,/cart,POST,200,202
2026-08-07 20:00:35,S00394,U1245,Buyer,Checkout,/checkout,POST,404,607
2026-08-07 20:00:47,S00394,U1245,Buyer,Payment,/payment,POST,200,1446
2026-08-07 21:31:59,S00395,U6440,Guest,Authentication,/login,POST,500,161
2026-08-07 21:32:16,S00395,U6440,Guest,Catalog,/products,GET,200,117
2026-08-07 21:32:32,S00395,U6440,Guest,Search,/search,GET,200,345
2026-08-07 21:32:41,S00395,U6440,Guest,Catalog,/product,GET,200,248
2026-08-07 21:32:43,S00395,U6440,Guest,Cart,/cart,POST,200,269
2026-08-07 21:32:48,S00395,U6440,Guest,Checkout,/checkout,POST,200,666
2026-08-07 21:33:03,S00395,U6440,Guest,Payment,/payment,POST,200,1575
2026-08-07 20:38:35,S00396,U1981,Guest,Authentication,/login,POST,200,131
2026-08-07 20:38:43,S00396,U1981,Guest,Catalog,/products,GET,200,264
2026-08-07 20:38:59,S00396,U1981,Guest,Search,/search,GET,200,318
2026-08-07 20:39:11,S00396,U1981,Guest,Catalog,/product,GET,200,284
2026-08-07 20:39:14,S00396,U1981,Guest,Cart,/cart,POST,200,416
2026-08-07 20:39:29,S00396,U1981,Guest,Checkout,/checkout,POST,200,645
2026-08-07 20:39:38,S00396,U1981,Guest,Payment,/payment,POST,200,1667
2026-08-07 21:28:53,S00397,U4969,Guest,Authentication,/login,POST,200,143
2026-08-07 21:29:02,S00397,U4969,Guest,Catalog,/products,GET,200,255
2026-08-07 21:29:20,S00397,U4969,Guest,Search,/search,GET,200,314
2026-08-07 21:29:22,S00397,U4969,Guest,Catalog,/product,GET,200,136
2026-08-07 21:29:26,S00397,U4969,Guest,Cart,/cart,POST,200,248
2026-08-07 21:29:32,S00397,U4969,Guest,Checkout,/checkout,POST,200,559
2026-08-07 21:29:39,S00397,U4969,Guest,Payment,/payment,POST,200,1406
2026-08-07 21:37:05,S00398,U4871,Premium,Authentication,/login,POST,200,199
2026-08-07 21:37:13,S00398,U4871,Premium,Catalog,/products,GET,200,162
2026-08-07 21:37:22,S00398,U4871,Premium,Search,/search,GET,200,305
2026-08-07 21:37:38,S00398,U4871,Premium,Catalog,/product,GET,200,282
2026-08-07 21:37:55,S00398,U4871,Premium,Cart,/cart,POST,404,190
2026-08-07 21:38:08,S00398,U4871,Premium,Checkout,/checkout,POST,200,757
2026-08-07 21:38:25,S00398,U4871,Premium,Payment,/payment,POST,200,1251
2026-08-07 20:50:10,S00399,U3553,Buyer,Authentication,/login,POST,200,189
2026-08-07 20:50:21,S00399,U3553,Buyer,Catalog,/products,GET,200,252
2026-08-07 20:50:28,S00399,U3553,Buyer,Search,/search,GET,200,281
2026-08-07 20:50:39,S00399,U3553,Buyer,Catalog,/product,GET,200,236
2026-08-07 20:50:56,S00399,U3553,Buyer,Cart,/cart,POST,200,186
2026-08-07 20:51:13,S00399,U3553,Buyer,Checkout,/checkout,POST,200,550
2026-08-07 20:51:21,S00399,U3553,Buyer,Payment,/payment,POST,200,804
2026-08-07 20:54:52,S00400,U7131,Buyer,Authentication,/login,POST,500,181
2026-08-07 20:55:05,S00400,U7131,Buyer,Catalog,/products,GET,200,198
2026-08-07 20:55:09,S00400,U7131,Buyer,Search,/search,GET,200,359
2026-08-07 20:55:14,S00400,U7131,Buyer,Catalog,/product,GET,200,218
2026-08-07 20:55:21,S00400,U7131,Buyer,Cart,/cart,POST,200,249
2026-08-07 20:55:31,S00400,U7131,Buyer,Checkout,/checkout,POST,200,706
2026-08-07 20:55:48,S00400,U7131,Buyer,Payment,/payment,POST,200,1450
2026-08-07 20:31:11,S00401,U7313,Buyer,Homepage,/homepage,GET,200,50
2026-08-07 20:31:24,S00401,U7313,Buyer,Catalog,/products,GET,200,261
2026-08-07 20:31:26,S00401,U7313,Buyer,Search,/search,GET,200,225
2026-08-07 20:31:42,S00401,U7313,Buyer,Homepage,/exit,GET,200,50
2026-08-07 21:28:34,S00402,U5053,Premium,Authentication,/login,POST,200,121
2026-08-07 21:28:38,S00402,U5053,Premium,Catalog,/products,GET,200,264
2026-08-07 21:28:52,S00402,U5053,Premium,Search,/search,GET,200,353
